Project Code,Project Name,Ministry,State,Original Cost (Rs. Crore),delay_probability,expected_slippage_months,cost_overrun_probability,expected_overrun_value_cr,risk_segment,risk_score,alert_reason
706775,BharatNet,Department of Telecommunications,PAN India,61109.0,0.999227917442202,43.2,0.8857497554100119,78159.8,High Risk,16.8556069249726,segment: High Risk; expected delay ~43 months (100% likelihood); expected overrun ~₹78160 cr (89% likelihood)
705237,Western Dedicated Freight Corridor,Ministry of Railways,"Multi-States (Gujarat, Haryana, Maharashtra, Rajasthan, Uttar Pradesh)",51101.0,0.9984332005641299,43.4,0.7919267825675586,36461.9,High Risk,8.070293502853879,segment: High Risk; expected delay ~43 months (100% likelihood); expected overrun ~₹36462 cr (79% likelihood)
701372,Sardar Sarovar Project,"Department of Water Resources, River Development & GR",Gujarat,20718.17,0.9720597364970112,64.4,0.9764793159859517,33320.2,High Risk,7.805432254162868,segment: High Risk; expected delay ~64 months (97% likelihood); expected overrun ~₹33320 cr (98% likelihood)
701263,Rajasthan Refinery Project,Ministry of Petroleum & Natural Gas,Rajasthan,43129.0,0.9977840811790152,46.6,0.9617465729658272,23477.2,Critical Risk,5.393922145988297,segment: Critical Risk; expected delay ~47 months (100% likelihood); expected overrun ~₹23477 cr (96% likelihood)
706779,Mumbai Urban Transport Project [MUTP] - PHASE II,Ministry of Railways,Maharashtra,8087.0,0.9977396166342892,157.9,0.8375031075708215,10030.6,High Risk,4.6655841682429795,segment: High Risk; expected delay ~158 months (100% likelihood); expected overrun ~₹10031 cr (84% likelihood)
602096,Subansiri Lower HE Project [2000 MW],Ministry of Power,"Multi-States (Arunachal Pradesh, Assam)",6285.33,0.9982938363382575,144.3,0.9811410833664179,9194.7,High Risk,4.232063162709087,segment: High Risk; expected delay ~144 months (100% likelihood); expected overrun ~₹9195 cr (98% likelihood)
602185,Tapovan-Vishnugad HEP [4x130 MW],Ministry of Power,Uttarakhand,2978.0,0.9994403375068488,176.2,0.9920762706792564,5122.9,High Risk,3.977397315802816,segment: High Risk; expected delay ~176 months (100% likelihood); expected overrun ~₹5123 cr (99% likelihood)
701405,J. Chokka Rao Devadula Lift Irrigation Scheme,"Department of Water Resources, River Development & GR",Telangana,8200.71,0.9939550310380768,90.4,0.9437739836151571,11864.8,High Risk,3.7750095432484843,segment: High Risk; expected delay ~90 months (99% likelihood); expected overrun ~₹11865 cr (94% likelihood)
705432,Sivok-Rangpo New Rail Line,Ministry of Railways,"Multi-States (Sikkim, West Bengal)",7877.0,0.9996018569170869,161.5,0.8634691056634652,4876.7,High Risk,3.647360045846003,segment: High Risk; expected delay ~162 months (100% likelihood); expected overrun ~₹4877 cr (86% likelihood)
602182,Dibang Multipurpose Project,Ministry of Power,Arunachal Pradesh,31876.39,0.018665949661605313,0.3,0.9124869865673839,17684.8,Critical Risk,3.2969417705525617,segment: Critical Risk; expected overrun ~₹17685 cr (91% likelihood)
701228,Kochi - Koottanad - Bangalore - Mangalore Pipeline Phase-II,Ministry of Petroleum & Natural Gas,"Multi-States (Karnataka, Kerala, Tamil Nadu)",2915.0,0.9978182573152444,165.2,0.9885251868922358,2847.0,High Risk,3.289548002686926,segment: High Risk; expected delay ~165 months (100% likelihood); expected overrun ~₹2847 cr (99% likelihood)
701386,Gosikhurd Project,"Department of Water Resources, River Development & GR",Maharashtra,7196.47,0.9797476723691956,91.5,0.9495222401066389,9224.8,High Risk,3.239362869519913,segment: High Risk; expected delay ~92 months (98% likelihood); expected overrun ~₹9225 cr (95% likelihood)
618943,Salem - Ulundurpet section from km 0.313 to km 136.670 of NH-68,Ministry of Road Transport & Highways,Tamil Nadu,861.23,0.994251693807113,185.7,0.7756854252821037,635.3,High Risk,3.2112518220532955,segment: High Risk; expected delay ~186 months (99% likelihood); expected overrun ~₹635 cr (78% likelihood)
619083,Thumbipadi-Namakkal from km. 180.00 to km. 248.625 Package No. NS-2/BOT/TN- 02,Ministry of Road Transport & Highways,Tamil Nadu,255.53,0.987396479186997,180.9,0.8718546143682753,211.9,High Risk,3.0311851717754705,segment: High Risk; expected delay ~181 months (99% likelihood); expected overrun ~₹212 cr (87% likelihood)
702635,Construction of Bangalore Metro Rail Project Phase 2.,Ministry of Housing & Urban Affairs,Karnataka,26405.14,0.9928074863616095,64.1,0.9490821044990329,10475.3,High Risk,2.984499995545712,segment: High Risk; expected delay ~64 months (99% likelihood); expected overrun ~₹10475 cr (95% likelihood)
701415,Polavaram Irrigation Project,"Department of Water Resources, River Development & GR",Andhra Pradesh,10151.04,0.9952404768527854,42.9,0.9474434772326307,12156.6,High Risk,2.9377533701433824,segment: High Risk; expected delay ~43 months (100% likelihood); expected overrun ~₹12157 cr (95% likelihood)
705493,Hubli-Ankola New Line Project [164.44 km],Ministry of Railways,Karnataka,5174.0,0.9948739320300429,171.1,0.05870823114123632,306.2,High Risk,2.865632991893493,segment: High Risk; expected delay ~171 months (99% likelihood); expected overrun ~₹306 cr (6% likelihood)
705391,Jiribam-Imphal new line project,Ministry of Railways,Manipur,14323.0,0.9957032388133205,24.0,0.7929292139942136,13446.8,High Risk,2.8520895485873297,segment: High Risk; expected delay ~24 months (100% likelihood); expected overrun ~₹13447 cr (79% likelihood)
618874,Four Laning of Trichy - Dindigul from km. 333.00 to km. 421.273 of NH-45,Ministry of Road Transport & Highways,Tamil Nadu,1003.11,0.8919849674167559,166.6,0.08054146328675836,76.8,High Risk,2.7321341190468207,segment: High Risk; expected delay ~167 months (89% likelihood); expected overrun ~₹77 cr (8% likelihood)
702639,Ahmedabad Metro Rail Project [Phase-I],Ministry of Housing & Urban Affairs,Gujarat,10773.0,0.9936901664678474,99.5,0.9751941190278751,6030.3,Critical Risk,2.717395483849781,segment: Critical Risk; expected delay ~100 months (99% likelihood); expected overrun ~₹6030 cr (98% likelihood)
705394,Tetlia-Byrnihat New Railway Line,Ministry of Railways,"Multi-States (Assam, Meghalaya)",1304.62,0.9986061790596095,162.1,0.07957451378054906,106.0,Critical Risk,2.6531430430132867,segment: Critical Risk; expected delay ~162 months (100% likelihood); expected overrun ~₹106 cr (8% likelihood)
619084,Start of Karur Bypass - Dindigul from km. 292.600 to km. 305.600 Contract Package No. NS2/BOT/TN-4,Ministry of Road Transport & Highways,Tamil Nadu,461.54,0.8578548569080227,160.2,0.5782256145821338,253.8,High Risk,2.6483459026806475,segment: High Risk; expected delay ~160 months (86% likelihood); expected overrun ~₹254 cr (58% likelihood)
618904,Chhapra - Hajipur from km. 143.200 to km. 209.200,Ministry of Road Transport & Highways,Bihar,2127.86,0.9967713455057139,154.9,0.8007188180267178,627.0,Critical Risk,2.6267262226455372,segment: Critical Risk; expected delay ~155 months (100% likelihood); expected overrun ~₹627 cr (80% likelihood)
618530,Six Laning of Varanasi to Aurangabad from km. 786.00 to km. 978.40 of Old NH-2,Ministry of Road Transport & Highways,"Multi-States (Bihar, Uttar Pradesh)",3241.56,0.9991049135030154,153.1,0.18159087528563916,325.5,High Risk,2.5291176042741244,segment: High Risk; expected delay ~153 months (100% likelihood); expected overrun ~₹326 cr (18% likelihood)
619074,6-laning of Krishnagiri Km.0.000 to Walajahpet Km.148.300 section on NH-46 under NHDP-V,Ministry of Road Transport & Highways,Tamil Nadu,1673.17,0.9942324113506849,154.5,0.13138523864066406,42.2,Critical Risk,2.495893356730662,segment: Critical Risk; expected delay ~154 months (99% likelihood); expected overrun ~₹42 cr (13% likelihood)
702637,Mumbai Metro Line 3,Ministry of Housing & Urban Affairs,Maharashtra,23136.0,0.9416631807483513,26.9,0.9710252916113791,11479.9,High Risk,2.492377468851833,segment: High Risk; expected delay ~27 months (94% likelihood); expected overrun ~₹11480 cr (97% likelihood)
701593,4G Services by BSNL,Department of Telecommunications,PAN India,28466.0,0.9912155413649415,26.7,0.8021455831844532,11348.4,Critical Risk,2.460875593153615,segment: Critical Risk; expected delay ~27 months (99% likelihood); expected overrun ~₹11348 cr (80% likelihood)
613808,MURAIDIH UG PROJECT,Ministry of Coal,Jharkhand,339.87,0.9924246892533112,151.9,0.004051278282194905,1.0,Critical Risk,2.4380138196118897,segment: Critical Risk; expected delay ~152 months (99% likelihood)
400160,RAJRAPPA RCE OCP,Ministry of Coal,Jharkhand,510.85,0.9972795502003088,147.8,0.05074523395167029,15.9,High Risk,2.3635771057393593,segment: High Risk; expected delay ~148 months (100% likelihood); expected overrun ~₹16 cr (5% likelihood)
619086,Chengapalli km 102.035 to Neelambur Km144.680 and Madukkarai Km 170.880 to Walayar K183.010 Package No. NS-2/BOT/TN-08,Ministry of Road Transport & Highways,Tamil Nadu,852.0,0.8924956469431168,142.9,0.029370324384467898,5.3,Critical Risk,2.2686284509648105,segment: Critical Risk; expected delay ~143 months (89% likelihood); expected overrun ~₹5 cr (3% likelihood)
619317,4L of Hajipur-Muzaffarpur Section of the existing NH-77 from Km. 0000 Ramashish Chowk to Km. 46300 and new bypass starting at Km. 46300 and connecting NH-28 of E-W Corridor at Km. 515045,Ministry of Road Transport & Highways,Bihar,2723.39,0.9876015616113363,141.5,0.9389200680865125,99.7,Critical Risk,2.2620362916327825,segment: Critical Risk; expected delay ~142 months (99% likelihood); expected overrun ~₹100 cr (94% likelihood)
701376,"Subernarekha Multipurpose Project, Jharkhand","Department of Water Resources, River Development & GR",Jharkhand,3807.77,0.997864069236645,78.2,0.9005935901067321,5603.4,High Risk,2.224389608142838,segment: High Risk; expected delay ~78 months (100% likelihood); expected overrun ~₹5603 cr (90% likelihood)
619070,Tumkur-Chitradurga,Ministry of Road Transport & Highways,Karnataka,839.0,0.9394290700102049,139.6,0.332885731096898,80.4,Critical Risk,2.222017755911608,segment: Critical Risk; expected delay ~140 months (94% likelihood); expected overrun ~₹80 cr (33% likelihood)
618625,Indore - Gujarat / MP Border from km. Km 9.500 to Km 171.000 of NH-59 in MP,Ministry of Road Transport & Highways,Madhya Pradesh,1175.0,0.8616033342269767,138.8,0.13118616061304597,37.5,Critical Risk,2.197838237033763,segment: Critical Risk; expected delay ~139 months (86% likelihood); expected overrun ~₹38 cr (13% likelihood)
705494,Rayadurg-Tumkur via Kalyandurg New Line [207 km],Ministry of Railways,"Multi-States (Andhra Pradesh, Karnataka)",2496.0,0.9972018725387378,137.1,0.14102022223140467,177.4,High Risk,2.1951601925240474,segment: High Risk; expected delay ~137 months (100% likelihood); expected overrun ~₹177 cr (14% likelihood)
619075,6L of Bhubaneswar - Jagatpur - Chandikhole Section of NH-16,Ministry of Road Transport & Highways,Odisha,639.3,0.9171374444015107,137.8,0.10580853950228197,37.8,Critical Risk,2.1789801684563654,segment: Critical Risk; expected delay ~138 months (92% likelihood); expected overrun ~₹38 cr (11% likelihood)
619320,Muzaffarpur - Sonbarsa Section of NH-77 from km 2.800 to km 89.000,Ministry of Road Transport & Highways,Bihar,2290.72,0.964767462418816,134.8,0.9506768866879012,50.1,Critical Risk,2.124808858639368,segment: Critical Risk; expected delay ~135 months (96% likelihood); expected overrun ~₹50 cr (95% likelihood)
602223,Comprehensive Scheme for Strengthening of Transmission and Distribution [T&D] Systems [CSST&DS] in Arunachal Pradesh and Sikkim,Ministry of Power,"Multi-States (Arunachal Pradesh, Sikkim)",4754.42,0.998230908858274,101.3,0.9001427759633994,2679.1,Critical Risk,2.0450867417442096,segment: Critical Risk; expected delay ~101 months (100% likelihood); expected overrun ~₹2679 cr (90% likelihood)
618533,Barwa Adda Km. 398.240 to Panagarh Km. 521.120,Ministry of Road Transport & Highways,"Multi-States (Jharkhand, West Bengal)",1560.39,0.9782452884997095,126.8,0.8247795647426468,180.2,Critical Risk,2.000860959877253,segment: Critical Risk; expected delay ~127 months (98% likelihood); expected overrun ~₹180 cr (82% likelihood)
602184,Rammam-III HEPP [3x40 MW],Ministry of Power,West Bengal,1381.84,0.9984411628592808,110.7,0.9682359252371542,1525.3,Critical Risk,1.9797486266811641,segment: Critical Risk; expected delay ~111 months (100% likelihood); expected overrun ~₹1525 cr (97% likelihood)
604795,CBR 9 MMTPA Project,Ministry of Petroleum & Natural Gas,Tamil Nadu,31580.0,0.7722796151086435,30.4,0.7888728074691833,8719.4,Critical Risk,1.9767428901719803,segment: Critical Risk; expected delay ~30 months (77% likelihood); expected overrun ~₹8719 cr (79% likelihood)
400301,Multi Product Pipeline from Irugur to Devangonthi,Ministry of Petroleum & Natural Gas,"Multi-States (Karnataka, Tamil Nadu)",678.0,0.9895090844813873,117.9,0.9690842580259834,823.9,Critical Risk,1.9681406730926496,segment: Critical Risk; expected delay ~118 months (99% likelihood); expected overrun ~₹824 cr (97% likelihood)
400013,Saturation 4G mobile coverage of Uncovered Villages through USOF,Department of Telecommunications,PAN India,26316.0,0.9913582021429238,23.1,0.8675509009523573,9314.8,Critical Risk,1.964115997087995,segment: Critical Risk; expected delay ~23 months (99% likelihood); expected overrun ~₹9315 cr (87% likelihood)
400174,"New Sinter Plant at BSL, SAIL",Ministry of Steel,Jharkhand,1034.01,0.9950294362686167,113.1,0.9606373943822144,920.8,Critical Risk,1.8977430355057574,segment: Critical Risk; expected delay ~113 months (100% likelihood); expected overrun ~₹921 cr (96% likelihood)
607709,NORTH EASTERN REGION POWER SYSTEM IMPROVEMENT PROJECT [NERPSIP],Ministry of Power,"Multi-States (Assam, Manipur, Meghalaya, Mizoram, Nagaland, Tripura)",5111.33,0.9980334635647568,97.0,0.9393574100873668,2323.9,Critical Risk,1.8888559622290884,segment: Critical Risk; expected delay ~97 months (100% likelihood); expected overrun ~₹2324 cr (94% likelihood)
705396,Byrnihat-Shillong New Rail Line- 108 km,Ministry of Railways,Meghalaya,8324.28,0.980793666325978,76.5,0.9225882881657409,4016.6,High Risk,1.8577571446182548,segment: High Risk; expected delay ~76 months (98% likelihood); expected overrun ~₹4017 cr (92% likelihood)
619096,Goa / Karnataka Km.93.700 to Kundapur Km.283.30,Ministry of Road Transport & Highways,Karnataka,1644.92,0.9941668440377625,115.9,0.879441605657974,283.5,Critical Risk,1.8163923701377476,segment: Critical Risk; expected delay ~116 months (99% likelihood); expected overrun ~₹284 cr (88% likelihood)
400120,KG-DWN-98/2 Cluster - II Development Project - NELP Block,Ministry of Petroleum & Natural Gas,Andhra Pradesh,34012.0,0.9990369298463659,74.9,0.49772552331916114,3876.7,Critical Risk,1.7979948902825533,segment: Critical Risk; expected delay ~75 months (100% likelihood); expected overrun ~₹3877 cr (50% likelihood)
602525,"Pakal Dul [Drangdhuran] Hydroelectric Project, 1000 MW",Ministry of Power,Jammu and Kashmir,8112.12,0.9995218383479776,84.0,0.9525916731260815,3021.5,Critical Risk,1.789919394966048,segment: Critical Risk; expected delay ~84 months (100% likelihood); expected overrun ~₹3022 cr (95% likelihood)
701402,"Subernarekha Project, Odisha","Department of Water Resources, River Development & GR",Odisha,3055.88,0.975881763526607,64.3,0.9923650767616476,4603.4,High Risk,1.7506031574465968,segment: High Risk; expected delay ~64 months (98% likelihood); expected overrun ~₹4603 cr (99% likelihood)
400119,Life Extension of 48 well platforms of Mumbai High & Heera Fields,Ministry of Petroleum & Natural Gas,Offshore,3190.69,0.9978556253911898,104.8,0.9402295938293689,642.0,Critical Risk,1.681930663507604,segment: Critical Risk; expected delay ~105 months (100% likelihood); expected overrun ~₹642 cr (94% likelihood)
619193,Rehabilitation and upgradation of NH-221 from km 121/0 to 165/0 Rudrampur to Bhadrachalam section to two lane with paved shoulder under NHDPIV in the state of Telangana through EPC mode,Ministry of Road Transport & Highways,Telangana,295.47,0.9987241220110955,110.6,0.9059313448304367,38.5,Critical Risk,1.664468281789095,segment: Critical Risk; expected delay ~111 months (100% likelihood); expected overrun ~₹38 cr (91% likelihood)
615193,BASUNDHARA WEST EXTENSION OPEN,Ministry of Coal,Odisha,479.15,0.9956516663082905,110.0,0.036206285253389814,14.2,Critical Risk,1.6479935378352875,segment: Critical Risk; expected delay ~110 months (100% likelihood); expected overrun ~₹14 cr (4% likelihood)
705514,Jarapada- Budhapank with flyover at Talcher road 3rd and 4th Line,Ministry of Railways,Odisha,1000.0,0.999459425741361,109.6,0.08431494329941366,34.7,Critical Risk,1.6447460138036005,segment: Critical Risk; expected delay ~110 months (100% likelihood); expected overrun ~₹35 cr (8% likelihood)
701408,Madhya Ganga canal Phase-II,"Department of Water Resources, River Development & GR",Uttar Pradesh,1060.67,0.9921336923570045,87.4,0.9825859261233459,1891.6,High Risk,1.6160911140286016,segment: High Risk; expected delay ~87 months (99% likelihood); expected overrun ~₹1892 cr (98% likelihood)
705496,Tumkur-Chitradurga-Davangere New Rail Line Project [191 km],Ministry of Railways,Karnataka,1876.0,0.9957898496685258,104.9,0.1513250121733389,196.7,Critical Risk,1.5899623068425834,segment: Critical Risk; expected delay ~105 months (100% likelihood); expected overrun ~₹197 cr (15% likelihood)
400259,Ghatampur Thermal Power Plant 3 X 660 MW,Ministry of Coal,Uttar Pradesh,17237.8,0.9988263421960566,65.8,0.8736067659384766,3689.5,Critical Risk,1.586352955599002,segment: Critical Risk; expected delay ~66 months (100% likelihood); expected overrun ~₹3690 cr (87% likelihood)
705358,Khurda-Bolangir New Broad Gauge Rail Link [301km],Ministry of Railways,Odisha,3792.0,0.9647259899566123,53.3,0.9317667200129286,4777.0,High Risk,1.579060295582759,segment: High Risk; expected delay ~53 months (96% likelihood); expected overrun ~₹4777 cr (93% likelihood)
611017,2.5 MTPA PATHERDIH NLW WASHERY,Ministry of Coal,Jharkhand,334.27,0.9981473902967087,105.6,0.031248134509085344,4.2,Critical Risk,1.562632002607016,segment: Critical Risk; expected delay ~106 months (100% likelihood); expected overrun ~₹4 cr (3% likelihood)
701289,Capacity Expansion of Panipat Refinery from 15 to 25 MMTPA,Ministry of Petroleum & Natural Gas,Haryana,34627.0,0.9878479529163366,24.2,0.9005739501247264,7297.1,Critical Risk,1.5596379310810617,segment: Critical Risk; expected delay ~24 months (99% likelihood); expected overrun ~₹7297 cr (90% likelihood)
617911,Rehabilitation and upgradation Umaria to Shahdol section of NH-78 from Existing Km. 68/4 to Km. 142/2 to 2LPS including construction of Birshinghpur and Shahdol Bypass on EPC mode under NHDP-IVA,Ministry of Road Transport & Highways,Madhya Pradesh,511.83,0.9780860145790152,104.9,0.8593467341091109,13.6,Moderate Risk,1.5513684259590355,segment: Moderate Risk; expected delay ~105 months (98% likelihood); expected overrun ~₹14 cr (86% likelihood)
705434,New Railway Line between Ginigera and Raichur [165.57 km],Ministry of Railways,Karnataka,2565.0,0.9946164215115935,95.2,0.8849378996905328,828.5,High Risk,1.5395966918267208,segment: High Risk; expected delay ~95 months (99% likelihood); expected overrun ~₹828 cr (88% likelihood)
400220,Kharsia-Dharamjaygarh with Spur line [East Corridor-Phase 1],Ministry of Railways,Chhattisgarh,3055.0,0.9957272370504074,96.5,0.9144612246618037,634.2,Critical Risk,1.5232397645812223,segment: Critical Risk; expected delay ~96 months (100% likelihood); expected overrun ~₹634 cr (91% likelihood)
705481,Ramganjmandi-Bhopal New Line Project [276.50 km],Ministry of Railways,"Multi-States (Madhya Pradesh, Rajasthan)",3032.0,0.951600234778603,51.9,0.8388940732146866,4191.7,High Risk,1.4292007368157362,segment: High Risk; expected delay ~52 months (95% likelihood); expected overrun ~₹4192 cr (84% likelihood)
619117,Hassan km 184.912 to Maranahally km 230.060 of NH - 75 in Karnataka,Ministry of Road Transport & Highways,Karnataka,1021.57,0.9983673334232557,94.1,0.9767668176636046,294.4,Critical Risk,1.406205477447866,segment: Critical Risk; expected delay ~94 months (100% likelihood); expected overrun ~₹294 cr (98% likelihood)
701406,Rajiv Bhima Lift Irrigation Scheme,"Department of Water Resources, River Development & GR",Telangana,1402.0,0.9987674618569543,79.3,0.9525131881088426,1526.4,High Risk,1.3858515808934668,segment: High Risk; expected delay ~79 months (100% likelihood); expected overrun ~₹1526 cr (95% likelihood)
400111,Kelo Irrigation Project,"Department of Water Resources, River Development & GR",Chhattisgarh,459.97,0.9931097362763947,90.2,0.7965765963333437,491.3,High Risk,1.3739150466171883,segment: High Risk; expected delay ~90 months (99% likelihood); expected overrun ~₹491 cr (80% likelihood)
619152,Bakhtiyarpur Km 153.300 to Mokama Km 197.900,Ministry of Road Transport & Highways,Bihar,1182.94,0.9897365863309909,87.7,0.9888198557099522,697.1,Critical Risk,1.369990384595712,segment: Critical Risk; expected delay ~88 months (99% likelihood); expected overrun ~₹697 cr (99% likelihood)
618238,Rehabilitation and Up-gradation of Thimmapuram to Gurajanapalli section from Km 26/150 to Km 41/161 of NH - 214 New NH - 216 to two lane with paved shoulder in the state of Andhra Pradesh under NHDP-IV,Ministry of Road Transport & Highways,Andhra Pradesh,350.61,0.9983661014614074,94.3,0.8365229583081918,47.8,Critical Risk,1.3580113052920737,segment: Critical Risk; expected delay ~94 months (100% likelihood); expected overrun ~₹48 cr (84% likelihood)
400116,Bargi Diversion Project Phase - III [km. 104 to km 154],"Department of Water Resources, River Development & GR",Madhya Pradesh,1229.15,0.9916827952625044,79.9,0.8494288677494921,1193.4,High Risk,1.327014508136779,segment: High Risk; expected delay ~80 months (99% likelihood); expected overrun ~₹1193 cr (85% likelihood)
619103,4/6 Laning of Raipur-Simga Pkg-I from km. 0.00 to km. 48.58,Ministry of Road Transport & Highways,Chhattisgarh,1096.52,0.9489247154233972,91.9,0.8523734112216258,49.5,Critical Risk,1.3129585054428887,segment: Critical Risk; expected delay ~92 months (95% likelihood); expected overrun ~₹50 cr (85% likelihood)
617960,Construction of new road at the missing link portion of NH-81 along approved alignment between Harishchandrapur and Eastern approach of Kalindri Bridge from Km 46.550 to Km 59.697 in the district of Malda. Job No-081-WB-2015-16/400,Ministry of Road Transport & Highways,West Bengal,271.17,0.9974979770217898,91.7,0.8933517871424077,26.2,Critical Risk,1.3042630629046912,segment: Critical Risk; expected delay ~92 months (100% likelihood); expected overrun ~₹26 cr (89% likelihood)
618840,Simaria Km. 206.050 to Khagaria Km. 266.282,Ministry of Road Transport & Highways,Bihar,664.02,0.9986002721162223,89.7,0.9509152585719408,180.0,Critical Risk,1.298838474364639,segment: Critical Risk; expected delay ~90 months (100% likelihood); expected overrun ~₹180 cr (95% likelihood)
701396,Lower Pedhi Project,"Department of Water Resources, River Development & GR",Maharashtra,255.97,0.9905255064720998,88.9,0.9888000308160331,243.2,High Risk,1.2970227499255946,segment: High Risk; expected delay ~89 months (99% likelihood); expected overrun ~₹243 cr (99% likelihood)
618006,Sitamarhi-Jaynagar Section km 79.400 to km 156.500 Lot-II,Ministry of Road Transport & Highways,Bihar,369.77,0.9975103011756392,89.1,0.9751379941766072,111.4,Moderate Risk,1.2730261611965157,segment: Moderate Risk; expected delay ~89 months (100% likelihood); expected overrun ~₹111 cr (98% likelihood)
400097,Sardar Sarovar CADWM Project,"Department of Water Resources, River Development & GR",Gujarat,5021.76,0.9943580739295028,76.0,0.8744443114686363,1247.1,Critical Risk,1.26454033212574,segment: Critical Risk; expected delay ~76 months (99% likelihood); expected overrun ~₹1247 cr (87% likelihood)
701398,Nardave Medium Irrigation Project,"Department of Water Resources, River Development & GR",Maharashtra,211.46,0.9879578906473189,81.5,0.9859935383689604,729.3,High Risk,1.2594654350357628,segment: High Risk; expected delay ~82 months (99% likelihood); expected overrun ~₹729 cr (99% likelihood)
400115,Bargi Diversion Project Phase - IV [km. 154 to km 197],"Department of Water Resources, River Development & GR",Madhya Pradesh,751.03,0.9926213375390625,82.7,0.8823688830090828,600.4,High Risk,1.2550014119830843,segment: High Risk; expected delay ~83 months (99% likelihood); expected overrun ~₹600 cr (88% likelihood)
619144,Hospet - Chitradurga from km. 299.00 to km. 418.750,Ministry of Road Transport & Highways,Karnataka,1519.72,0.9366926263238422,89.4,0.1868839298212394,-4.8,Critical Risk,1.2542098760931173,segment: Critical Risk; expected delay ~89 months (94% likelihood)
618005,Sheohar-Sitamarhi Section km 40.000 to 79.400 km Lot-I,Ministry of Road Transport & Highways,Bihar,178.85,0.9816735556656694,88.2,0.9222799191611571,86.4,Moderate Risk,1.2507274801981727,segment: Moderate Risk; expected delay ~88 months (98% likelihood); expected overrun ~₹86 cr (92% likelihood)
400261,Patratu Thermal Power Station Expansion Project Phase-I [3x800 MW],Ministry of Power,Jharkhand,18668.0,0.9987475763719502,47.4,0.9736494035704674,3653.4,Critical Risk,1.2305918158809814,segment: Critical Risk; expected delay ~47 months (100% likelihood); expected overrun ~₹3653 cr (97% likelihood)
400425,MOONIDIH XV SEAM UG,Ministry of Coal,Jharkhand,1230.27,0.9987717390898411,87.1,0.06132976894261522,82.8,High Risk,1.2291552380133226,segment: High Risk; expected delay ~87 months (100% likelihood); expected overrun ~₹83 cr (6% likelihood)
400101,Gundlakamma project,"Department of Water Resources, River Development & GR",Andhra Pradesh,397.41,0.9779428896256549,82.4,0.9623654357230452,481.1,High Risk,1.2241789262067697,segment: High Risk; expected delay ~82 months (98% likelihood); expected overrun ~₹481 cr (96% likelihood)
705728,Mumbai-Ahmedabad High Speed Rail Project- 508 km,Ministry of Railways,"Multi-States (Dadra & Nagar Haveli and Daman & Diu, Gujarat, Maharashtra)",108000.0,0.9527920218512691,11.6,0.11363792981299861,6836.0,High Risk,1.2240387009482643,segment: High Risk; expected delay ~12 months (95% likelihood); expected overrun ~₹6836 cr (11% likelihood)
400100,Sardar Gouthu Latchanna Thotapalli Barrage Project,"Department of Water Resources, River Development & GR",Andhra Pradesh,353.05,0.983231054416453,82.9,0.9794012053403324,435.0,High Risk,1.22392260371448,segment: High Risk; expected delay ~83 months (98% likelihood); expected overrun ~₹435 cr (98% likelihood)
617996,Widening to 2/4 Lane with paved shoulders from Km 182.120 to Km 227.600 of NH 167 on Haggari-Jadcherla Road on EPC mode under NHO in the state of Telangana,Ministry of Road Transport & Highways,Telangana,298.0,0.9911760435579438,87.4,0.11813151769768218,3.1,Critical Risk,1.218032435445421,segment: Critical Risk; expected delay ~87 months (99% likelihood); expected overrun ~₹3 cr (12% likelihood)
618007,Jaynagar-Narahia Section km 156.500 to km 219.945 Lot-III,Ministry of Road Transport & Highways,Bihar,553.3,0.993822872421998,86.4,0.9549616957124654,81.4,Moderate Risk,1.2156152336562087,segment: Moderate Risk; expected delay ~86 months (99% likelihood); expected overrun ~₹81 cr (95% likelihood)
604791,Numaligarh Refinery Expansion Project,Ministry of Petroleum & Natural Gas,Assam,12366.0,0.9967299245143768,30.3,0.7938052175543238,5055.3,Critical Risk,1.2025305035117573,segment: Critical Risk; expected delay ~30 months (100% likelihood); expected overrun ~₹5055 cr (79% likelihood)
705366,Hajipur-Sagauli New line,Ministry of Railways,Bihar,2067.0,0.9781540002388873,73.5,0.628417887802987,1132.7,High Risk,1.1931238041353283,segment: High Risk; expected delay ~74 months (98% likelihood); expected overrun ~₹1133 cr (63% likelihood)
701377,Upper Tunga Irrigation Project,"Department of Water Resources, River Development & GR",Karnataka,770.16,0.9995591832699426,77.0,0.951225447979807,751.6,Critical Risk,1.1790199746325045,segment: Critical Risk; expected delay ~77 months (100% likelihood); expected overrun ~₹752 cr (95% likelihood)
701391,Aruna Medium Irrigation Project,"Department of Water Resources, River Development & GR",Maharashtra,210.45,0.9829824729110674,76.5,0.9940695031715908,742.7,High Risk,1.1676833782356892,segment: High Risk; expected delay ~76 months (98% likelihood); expected overrun ~₹743 cr (99% likelihood)
400103,Indiramma Flood Flow Canal Project,"Department of Water Resources, River Development & GR",Telangana,1331.3,0.963728536024263,59.3,0.9925460388132411,2246.3,High Risk,1.1591662965260945,segment: High Risk; expected delay ~59 months (96% likelihood); expected overrun ~₹2246 cr (99% likelihood)
619121,4L of Hubli - Hospet Section of NH-63 from Km 128.850 to Km 272.571,Ministry of Road Transport & Highways,Karnataka,2531.99,0.9962034024564491,76.0,0.9723277528199649,711.5,Critical Risk,1.1516463801802004,segment: Critical Risk; expected delay ~76 months (100% likelihood); expected overrun ~₹712 cr (97% likelihood)
618629,Nandigama Bypass and Kanchikacherla bypass,Ministry of Road Transport & Highways,Andhra Pradesh,416.07,0.9885913836746696,83.6,0.8023472775523892,17.0,Critical Risk,1.1490613320335816,segment: Critical Risk; expected delay ~84 months (99% likelihood); expected overrun ~₹17 cr (80% likelihood)
617991,"Rehabilitation and up-gradation of NH-167 from Km 14/900 to Km70/000 Design Ch. 14/900 to 69/700 Chintakunta to Adoni section to two lane with paved shoulders in the State of Andhra Pradesh under Corridor Approach through Engineering, Procurement",Ministry of Road Transport & Highways,Andhra Pradesh,290.15,0.9987604047683938,83.7,0.13850002855997684,6.4,Critical Risk,1.148719190661179,segment: Critical Risk; expected delay ~84 months (100% likelihood); expected overrun ~₹6 cr (14% likelihood)
618893,Varanasi Gorakhpur Section Packege IV from km. 149.540 to km. 215.160 Mau- Gorakhpur,Ministry of Road Transport & Highways,Uttar Pradesh,2966.63,0.997813675840086,79.2,0.9702086660666358,408.7,Critical Risk,1.148370260764465,segment: Critical Risk; expected delay ~79 months (100% likelihood); expected overrun ~₹409 cr (97% likelihood)
701404,Kanupur Irrigation Project,"Department of Water Resources, River Development & GR",Odisha,989.43,0.9864664136678395,65.0,0.9844734304077447,1655.9,High Risk,1.1425730070385844,segment: High Risk; expected delay ~65 months (99% likelihood); expected overrun ~₹1656 cr (98% likelihood)
400426,Expansion of Malanjkhand Copper Project,Ministry of Mines,Madhya Pradesh,1856.36,0.9908811277561538,66.2,0.9409129658299249,1526.6,High Risk,1.1380246718485307,segment: High Risk; expected delay ~66 months (99% likelihood); expected overrun ~₹1527 cr (94% likelihood)
619150,BRT Tiger Reserve Boundary Km.287.500 to Bangalore Section Km.458.420 of NH- 209 in Karnataka,Ministry of Road Transport & Highways,Karnataka,2082.69,0.9971443067761683,79.5,0.9788256381711504,332.3,Critical Risk,1.1379430333299094,segment: Critical Risk; expected delay ~80 months (100% likelihood); expected overrun ~₹332 cr (98% likelihood)
602195,Vishnugad Pipalkoti Hydro Electric Project [444 MW],Ministry of Power,Uttarakhand,3860.35,0.9559843282971521,50.6,0.9537965312113394,2897.7,High Risk,1.1318532789220515,segment: High Risk; expected delay ~51 months (96% likelihood); expected overrun ~₹2898 cr (95% likelihood)
400291,Doubling of Kirandul-Jagdalpur Line [150 km],Ministry of Railways,Chhattisgarh,1589.0,0.9970570527529222,75.3,0.9244346032105656,511.2,High Risk,1.0961821655132136,segment: High Risk; expected delay ~75 months (100% likelihood); expected overrun ~₹511 cr (92% likelihood)
617934,Nasratpur to Barasgaon section of NH-61 2L / 4L PS from Km.514/00 to 558/200,Ministry of Road Transport & Highways,Maharashtra,406.54,0.9943651735165423,80.8,0.07917733288432287,1.8,Moderate Risk,1.0928778233081178,segment: Moderate Risk; expected delay ~81 months (99% likelihood); expected overrun ~₹2 cr (8% likelihood)
618172,Paithan - Shirur section 2LPS Km 0.0 to 55.00,Ministry of Road Transport & Highways,Maharashtra,341.8,0.9977018229219116,80.7,0.028143143778938607,-0.1,Moderate Risk,1.0905852103875422,segment: Moderate Risk; expected delay ~81 months (100% likelihood)
617302,Durgapur - Haldia Pipeline [Section-3B of JHBDPL Project],Ministry of Petroleum & Natural Gas,West Bengal,1740.0,0.9963311906663586,68.0,0.9637086241780288,1093.3,Critical Risk,1.0807518938614993,segment: Critical Risk; expected delay ~68 months (100% likelihood); expected overrun ~₹1093 cr (96% likelihood)
618653,Loha-Waranga Section of NH-361 from km 187.800 to km 244.369,Ministry of Road Transport & Highways,Maharashtra,1236.08,0.9924560617335155,63.6,0.9563285554906528,1441.0,Critical Risk,1.0707864874810984,segment: Critical Risk; expected delay ~64 months (99% likelihood); expected overrun ~₹1441 cr (96% likelihood)
617961,Gaya-Hisua-Rajgir-Nalanda-Biharsharif section km0.00 to 92.935 NH-82,Ministry of Road Transport & Highways,Bihar,1408.85,0.9833759074166116,74.0,0.8552456597073724,484.4,Critical Risk,1.0659355588245099,segment: Critical Risk; expected delay ~74 months (98% likelihood); expected overrun ~₹484 cr (86% likelihood)
618239,"Rehabilitation & Upgradation of NH214New NH-216 from Km 34/230 to Km 84/550 Losari to Machavaram Section to two lane with paved shoulder in the state of Andhrapradesh under NHDP-IV through Engineering, Procurement& Construction EPC mode.",Ministry of Road Transport & Highways,Andhra Pradesh,445.22,0.9383219656010754,78.9,0.9037379253281703,24.5,Moderate Risk,1.0617120620113512,segment: Moderate Risk; expected delay ~79 months (94% likelihood); expected overrun ~₹24 cr (90% likelihood)
619118,Four Laning of Angul to Sambalpur from Km.112.000 to Km.265.000,Ministry of Road Transport & Highways,Odisha,2510.04,0.9903272282414933,75.7,0.9631421744195883,292.5,Critical Risk,1.057653025475435,segment: Critical Risk; expected delay ~76 months (99% likelihood); expected overrun ~₹292 cr (96% likelihood)
701400,Thoubal Multipurpose Project,"Department of Water Resources, River Development & GR",Manipur,1449.44,0.9910347180908028,61.6,0.9391266269261989,1555.9,High Risk,1.0571625435812975,segment: High Risk; expected delay ~62 months (99% likelihood); expected overrun ~₹1556 cr (94% likelihood)
400095,Gosikhurd CADWM Project,"Department of Water Resources, River Development & GR",Maharashtra,743.73,0.9975840971854001,77.7,0.18302406648276578,55.4,Critical Risk,1.0455196114070786,segment: Critical Risk; expected delay ~78 months (100% likelihood); expected overrun ~₹55 cr (18% likelihood)
618026,Rehabilitation and upgradation to two lane with paved shoulders from Km 0/000 to 72/6 of NH-365 Nakrekal to Tanamcherla section under NHDP IV in the state of Telangana under EPC mode,Ministry of Road Transport & Highways,Telangana,605.08,0.9967351354432918,77.5,0.13185482381097577,25.6,Critical Risk,1.0354540966365322,segment: Critical Risk; expected delay ~78 months (100% likelihood); expected overrun ~₹26 cr (13% likelihood)
617929,Construction of 2 lane with paved shoulder of Kund Bypass from Design Km 35.130 to Km 47.700 existing Km 33.130 to Km 41.260 of NH-109 in the State of Uttarakhand,Ministry of Road Transport & Highways,Uttarakhand,247.41,0.9918271775117684,77.5,0.01895853411950404,0.3,Critical Risk,1.030121353947544,segment: Critical Risk; expected delay ~78 months (99% likelihood)
618094,Pen to Khopoli 2LPS,Ministry of Road Transport & Highways,Maharashtra,369.39,0.9987885113736938,76.9,0.025801512051971384,1.7,Critical Risk,1.0190636648201001,segment: Critical Risk; expected delay ~77 months (100% likelihood); expected overrun ~₹2 cr (3% likelihood)
604863,Development of Surface Facilities for production and evacuation of Crude Oil and Natural Gas from Nadua and East Khagorija,Ministry of Petroleum & Natural Gas,Assam,682.9,0.9917553513757197,76.2,0.39172719600388894,57.5,Critical Risk,1.0175802961076552,segment: Critical Risk; expected delay ~76 months (99% likelihood); expected overrun ~₹58 cr (39% likelihood)
617948,Kante - Wakad section of NH-66 4L PS from Km.281/300 to 332/200,Ministry of Road Transport & Highways,Maharashtra,1117.75,0.9931347648762736,70.9,0.8404196137002886,532.6,Critical Risk,1.0174391330689039,segment: Critical Risk; expected delay ~71 months (99% likelihood); expected overrun ~₹533 cr (84% likelihood)
705444,Gevra Road-Pendra Road New Railway Line [135 km],Ministry of Railways,Chhattisgarh,4970.0,0.971640497568925,62.2,0.4696290004103638,1309.4,High Risk,1.0165579705320205,segment: High Risk; expected delay ~62 months (97% likelihood); expected overrun ~₹1309 cr (47% likelihood)
619217,4L of Haridwar-Nagina section from km. 0.00 to km. 71.614 of NH-74,Ministry of Road Transport & Highways,"Multi-States (Uttar Pradesh, Uttarakhand)",1659.12,0.9911898835428123,74.4,0.9425484110570221,200.2,Critical Risk,1.0136003062915242,segment: Critical Risk; expected delay ~74 months (99% likelihood); expected overrun ~₹200 cr (94% likelihood)
619146,Kagvadar - Una Package-IV,Ministry of Road Transport & Highways,Gujarat,750.53,0.992801181778668,74.7,0.9667689301831702,161.8,Critical Risk,1.0111827319076232,segment: Critical Risk; expected delay ~75 months (99% likelihood); expected overrun ~₹162 cr (97% likelihood)
618236,Rehabilitation and Up-gradation of Dhindi - Digamarru section from Km 126/510 to Km 135/740 of NH -214New NH -216 and digamarru -Losari section from Km 0/000 tp Km 34/230 of NH-214 ANew Nh-216 to two lane with paved shoulder in the state of AP- NH,Ministry of Road Transport & Highways,Andhra Pradesh,316.06,0.993527836612436,76.2,0.2614878789370913,12.6,Critical Risk,1.0081162586872767,segment: Critical Risk; expected delay ~76 months (99% likelihood); expected overrun ~₹13 cr (26% likelihood)
619067,6L of Chiloda-Naroda section from Km. 540.595 to Km. 555.595 of NH-8Package-VII,Ministry of Road Transport & Highways,Gujarat,356.6,0.9676528443193025,75.6,0.9526743995752498,63.5,Critical Risk,1.007492196560027,segment: Critical Risk; expected delay ~76 months (97% likelihood); expected overrun ~₹64 cr (95% likelihood)
618173,Shirur-Kharda section from 55937 km to 114486 km to 2LPS/4L,Ministry of Road Transport & Highways,Maharashtra,381.77,0.9970712456337224,76.3,0.023153133393672847,0.4,Moderate Risk,1.0074368687653725,segment: Moderate Risk; expected delay ~76 months (100% likelihood)
618436,4-Laning of Jamugurihat to end of Biswanath Chariali By-Pass from Km 182.000 to Km 208.000 of NH-52 on EPC mode in state of Assam under SARDP-NE,Ministry of Road Transport & Highways,Assam,599.0,0.9988709280598855,75.2,0.3087067137907134,53.4,Critical Risk,0.997794794019129,segment: Critical Risk; expected delay ~75 months (100% likelihood); expected overrun ~₹53 cr (31% likelihood)
619097,Thalassery Mahe Bypass Km 170.600 to Km 189.200 of NH-17New NH-66 in Kerala,Ministry of Road Transport & Highways,"Multi-States (Kerala, Puducherry)",1181.12,0.9957201463427997,68.2,0.9634580911966658,633.8,Critical Risk,0.9876825865876983,segment: Critical Risk; expected delay ~68 months (100% likelihood); expected overrun ~₹634 cr (96% likelihood)
619077,6 laning of Balance Work of Chennai - Tada from km. 21.40 to km. 54.40,Ministry of Road Transport & Highways,"Multi-States (Andhra Pradesh, Tamil Nadu)",464.62,0.9837928750907015,75.0,0.9255193691895301,13.8,Critical Risk,0.9856636318828873,segment: Critical Risk; expected delay ~75 months (98% likelihood); expected overrun ~₹14 cr (93% likelihood)
709859,SETTING UP OF PHYSICAL INFRASTRUCTURE FOR THE NATIONAL INSTITUTE OF COMMUNICATION FINANCE [NICF] AT GHITORNI,Department of Telecommunications,Delhi,248.2,0.9919212896098614,75.1,0.06305928229664,0.5,Critical Risk,0.9847523835832013,segment: Critical Risk; expected delay ~75 months (99% likelihood)
400109,Purna Barrage-2 [Ner Dhamana] Medium Irrigation Project,"Department of Water Resources, River Development & GR",Maharashtra,848.07,0.9978034861612487,71.7,0.8402678918432901,297.2,Critical Risk,0.9829584823678776,segment: Critical Risk; expected delay ~72 months (100% likelihood); expected overrun ~₹297 cr (84% likelihood)
618090,Sarsam - Kothari of NH-161A - 2L PS from Km.33/00 to 90/00,Ministry of Road Transport & Highways,Maharashtra,545.64,0.9876967556765444,74.9,0.07943391618599153,7.1,Moderate Risk,0.982359273313808,segment: Moderate Risk; expected delay ~75 months (99% likelihood); expected overrun ~₹7 cr (8% likelihood)
618518,Davanagere - Haveri of NH-48 Old NH-4 from km. 260.00 to km. 338.923,Ministry of Road Transport & Highways,Karnataka,1454.67,0.9993498791671436,72.1,0.8938729453775004,257.5,Critical Risk,0.9821590238055498,segment: Critical Risk; expected delay ~72 months (100% likelihood); expected overrun ~₹258 cr (89% likelihood)
705253,Kurnool Coach Midlife Rehabilitation Project,Ministry of Railways,Andhra Pradesh,563.0,0.9860041556883121,73.4,0.1939123322335657,88.4,Critical Risk,0.971113761214696,segment: Critical Risk; expected delay ~73 months (99% likelihood); expected overrun ~₹88 cr (19% likelihood)
400096,Omkareshwar CADWM Project,"Department of Water Resources, River Development & GR",Madhya Pradesh,648.09,0.9934887219303398,74.1,0.005653985211273591,2.1,Critical Risk,0.9661683294522732,segment: Critical Risk; expected delay ~74 months (99% likelihood); expected overrun ~₹2 cr (1% likelihood)
619119,Cuttack-Angul Section of NH-42 New NH-55 from km 0.400 to km 60.200 Pkg-I in the State of Odisha,Ministry of Road Transport & Highways,Odisha,999.32,0.9964336628364664,72.3,0.9170698819531342,137.5,Critical Risk,0.9606496431290428,segment: Critical Risk; expected delay ~72 months (100% likelihood); expected overrun ~₹138 cr (92% likelihood)
618762,Itarsi Km. 63.000 to Betul Km. 137.000 of NH-69 in Madhya Pradesh,Ministry of Road Transport & Highways,Madhya Pradesh,950.27,0.9854589652171349,71.7,0.9595941335958732,176.0,Critical Risk,0.9574119047431588,segment: Critical Risk; expected delay ~72 months (99% likelihood); expected overrun ~₹176 cr (96% likelihood)
618097,Guhagar - Rampur - 2L-PS - km 0/00 Guhagar to 26/230 Rampur and 40/00 Mirjoli to 53/600 Sati on NH-166E,Ministry of Road Transport & Highways,Maharashtra,407.2,0.9968185844027088,73.5,0.033896498737256635,0.3,Moderate Risk,0.9544361432258268,segment: Moderate Risk; expected delay ~74 months (100% likelihood)
400148,AMADAND OCP[4.0MTY],Ministry of Coal,Madhya Pradesh,869.44,0.9985888624034894,72.4,0.011301674956808656,3.3,Critical Risk,0.9342550513076694,segment: Critical Risk; expected delay ~72 months (100% likelihood); expected overrun ~₹3 cr (1% likelihood)
617995,Widening to Two Lane with Paved Shoulders from Km 67.000 to Km 114.425 of Kalwakurthy- Mallapally Section of NH 167 Erstwhile section of SH 18 in the State of Telangana on EPC mode under NH O Annual Plan 2016-17,Ministry of Road Transport & Highways,Telangana,300.0,0.9894629210411185,72.3,0.00910076922136033,0.0,Critical Risk,0.9316673459062801,segment: Critical Risk; expected delay ~72 months (99% likelihood)
617966,Rehabilitation and Upgrading to 2 lanes/2-lane with paved shoulders configuration and strengthening of of Birpur and Bihpur Section from km 0.0 to Km 106 of NH 106 under phase I of National Highways Interconnectivity Improvement Projects NHIIP ICB No. NHIIP-BR-106-7 [NHIIP-BR-106-7],Ministry of Road Transport & Highways,Bihar,780.77,0.9938538680910258,69.1,0.9842341132030534,269.7,Critical Risk,0.9279666359542088,segment: Critical Risk; expected delay ~69 months (99% likelihood); expected overrun ~₹270 cr (98% likelihood)
617980,Construction of six lane elevated corridor from km 7.950 Uppal to km 14.200 of NH- 163 to De-Congest the urban limits of Hyderabad-Bhoopalapatnam section on EPC mode in the state of Telangana,Ministry of Road Transport & Highways,Telangana,626.76,0.9877772313452737,72.0,0.015255265906658912,-0.8,Moderate Risk,0.9258223308274007,segment: Moderate Risk; expected delay ~72 months (99% likelihood)
618237,Rehabilitation and Up-gradation of Pasarlapudi to Dhindi section from Km 105/170 to Km 126/510 of NH -214 New NH -216 to two lane with paved shoulder in the state of Andhra Pradesh under NHDP-IV,Ministry of Road Transport & Highways,Andhra Pradesh,263.45,0.9745283657167846,71.9,0.03387645729198821,2.7,Critical Risk,0.924667931761392,segment: Critical Risk; expected delay ~72 months (97% likelihood); expected overrun ~₹3 cr (3% likelihood)
618025,Rehabiitation and upgradation from km 121/000 to 154/000 Nakrekal to Mallampally section of NH-365 to 2 lane with paved shoulders in the state of Telangana in the EPC mode,Ministry of Road Transport & Highways,Telangana,192.67,0.9799949329162069,71.9,0.026514780111738377,2.6,Critical Risk,0.924646853727048,segment: Critical Risk; expected delay ~72 months (98% likelihood); expected overrun ~₹3 cr (3% likelihood)
617981,Widening to Two with Paved shoulders from Km 59.500 to Km 132.033 of Manneguda- Ravunapally section of NH-163 Erstwhile SH-4 in the State of Telangana on EPC mode under NH O Annual Plan 2016-17,Ministry of Road Transport & Highways,Telangana,359.0,0.9673128954085546,71.9,0.011332108478301402,-0.1,Moderate Risk,0.9240777467997647,segment: Moderate Risk; expected delay ~72 months (97% likelihood)
618152,Mhaswad to Tembhurni section of NH-548C - 2L PS,Ministry of Road Transport & Highways,Maharashtra,488.6,0.9732387519091991,71.7,0.12974003427061043,7.5,Moderate Risk,0.9218954168738097,segment: Moderate Risk; expected delay ~72 months (97% likelihood); expected overrun ~₹8 cr (13% likelihood)
603945,Integrated Anandpur Barrage Project,"Department of Water Resources, River Development & GR",Odisha,567.03,0.9766970852003961,59.6,0.9683270371823609,1093.2,High Risk,0.9217918733115495,segment: High Risk; expected delay ~60 months (98% likelihood); expected overrun ~₹1093 cr (97% likelihood)
617913,6-laning of km 9.900 to km 19/948 Aramgarh to Shamshabad Section of Hyderabad- Bangalore section of NH-44 Under NHO EPC basis in the state of Telangana,Ministry of Road Transport & Highways,Telangana,283.15,0.9822372299845213,71.3,0.9123162075697422,36.9,Critical Risk,0.920523837898723,segment: Critical Risk; expected delay ~71 months (98% likelihood); expected overrun ~₹37 cr (91% likelihood)
617379,Development of New Bijwasan Railway Terminal,Ministry of Railways,Delhi,446.21,0.8818212758242617,71.6,0.022628816246576058,6.1,High Risk,0.919708194124953,segment: High Risk; expected delay ~72 months (88% likelihood); expected overrun ~₹6 cr (2% likelihood)
617994,Rehabilitation and upgradation of NH-167 from design km 113.900 to 154.479 Mallepally Haliya section to two lane with paved shoulders on EPC mode in the stte of Telangana,Ministry of Road Transport & Highways,Telangana,294.13,0.9974929879109156,71.3,0.0182683134547034,0.3,Critical Risk,0.9128092773288823,segment: Critical Risk; expected delay ~71 months (100% likelihood)
618833,Kodinar - Veraval Package VI from km. 221.610 to km. 263.00 of NH-8E & km. 120.900 to km. 121.150 of NH-8D,Ministry of Road Transport & Highways,Gujarat,894.01,0.9985765753744156,69.0,0.9637252541214967,205.9,Critical Risk,0.9126267197748041,segment: Critical Risk; expected delay ~69 months (100% likelihood); expected overrun ~₹206 cr (96% likelihood)
618153,Satara to Mhaswad,Ministry of Road Transport & Highways,Maharashtra,653.46,0.9804156324309647,70.8,0.18418284481793562,24.3,Critical Risk,0.9084073542311862,segment: Critical Risk; expected delay ~71 months (98% likelihood); expected overrun ~₹24 cr (18% likelihood)
706781,Mumbai Urban Transport Project Phase-III,Ministry of Railways,Maharashtra,10947.0,0.9977403404162118,58.3,0.2155730481028394,1132.7,Critical Risk,0.9055200033928033,segment: Critical Risk; expected delay ~58 months (100% likelihood); expected overrun ~₹1133 cr (22% likelihood)
618850,Nerchowk km 190.000 to Pandoh including Pandoh bypass km221.305,Ministry of Road Transport & Highways,Himachal Pradesh,1464.12,0.9992061575573665,67.4,0.9720117089112658,313.1,Critical Risk,0.9049482883027005,segment: Critical Risk; expected delay ~67 months (100% likelihood); expected overrun ~₹313 cr (97% likelihood)
611016,2.0 MTPA BHOJUDIH NLW WASHERY,Ministry of Coal,West Bengal,384.57,0.9983974680162231,70.4,0.16132145492446331,23.5,Critical Risk,0.9006702088842641,segment: Critical Risk; expected delay ~70 months (100% likelihood); expected overrun ~₹24 cr (16% likelihood)
619145,Four Laning of Una to Kodinar from km. 180.478 to km. 221.610 Package-V,Ministry of Road Transport & Highways,Gujarat,877.71,0.9947527765007319,67.5,0.9889034547396249,271.7,Critical Risk,0.8981141123523987,segment: Critical Risk; expected delay ~68 months (99% likelihood); expected overrun ~₹272 cr (99% likelihood)
618903,Maheshkunt -Saharsa-Purnea Pkg II,Ministry of Road Transport & Highways,Bihar,1028.28,0.9977353105531227,66.3,0.9405373037387905,368.5,Critical Risk,0.8958120863807084,segment: Critical Risk; expected delay ~66 months (100% likelihood); expected overrun ~₹368 cr (94% likelihood)
619215,Cuttack-Angul Section of NH-42 New NH-55 from Km.60.200 to Km. 112.000 Pkg-II in the State of Odisha,Ministry of Road Transport & Highways,Odisha,991.41,0.9969323465807962,68.3,0.9530852837565302,178.6,Critical Risk,0.8936275045226386,segment: Critical Risk; expected delay ~68 months (100% likelihood); expected overrun ~₹179 cr (95% likelihood)
618194,Rehabilitation and upgradation of New NH 544DD from design Chainage Km. 56/000 to 102/20 of Kalyandrg - Molakalmuru Section,Ministry of Road Transport & Highways,Andhra Pradesh,294.13,0.9919063788828414,70.1,0.07872427801754008,6.3,Critical Risk,0.8913683961729967,segment: Critical Risk; expected delay ~70 months (99% likelihood); expected overrun ~₹6 cr (8% likelihood)
705458,Miyagam-Karjan-Dabhoi-Samlaya [GC],Ministry of Railways,Gujarat,483.88,0.9958867426083579,64.2,0.9510715835267469,514.0,Critical Risk,0.8867458907220759,segment: Critical Risk; expected delay ~64 months (100% likelihood); expected overrun ~₹514 cr (95% likelihood)
619090,8L of Dwarka Expressway Pkg-II RuB near Dwarka Sector 21-DL/HR Border from 5.300 Km.to 9.500 Km. of NH-248BB,Ministry of Road Transport & Highways,Delhi,2067.67,0.9983981564122013,57.3,0.9280569709751852,1105.3,Critical Risk,0.8808233193021652,segment: Critical Risk; expected delay ~57 months (100% likelihood); expected overrun ~₹1105 cr (93% likelihood)
400102,Sri Ram Sagar Project Stage - II,"Department of Water Resources, River Development & GR",Telangana,736.13,0.9826339026164599,60.4,0.9356985470169912,787.3,High Risk,0.8724512083981248,segment: High Risk; expected delay ~60 months (98% likelihood); expected overrun ~₹787 cr (94% likelihood)
701324,Barauni Refinery Capacity Expansion from 6.0 to 9.0 MMTPA,Ministry of Petroleum & Natural Gas,Bihar,14810.0,0.9875356942866635,36.5,0.7194428077309268,2930.1,Critical Risk,0.8718921942553988,segment: Critical Risk; expected delay ~36 months (99% likelihood); expected overrun ~₹2930 cr (72% likelihood)
618521,Karaipettai to Walajapet from Km 71.015 to 107.091,Ministry of Road Transport & Highways,Tamil Nadu,766.51,0.9888067478004611,68.4,0.5822098112725482,60.7,Critical Risk,0.8706686322993092,segment: Critical Risk; expected delay ~68 months (99% likelihood); expected overrun ~₹61 cr (58% likelihood)
618463,Vadodara Mumbai Expressway Kim to Ankleshwar Phase IA - Pkg V,Ministry of Road Transport & Highways,Gujarat,1324.84,0.9902153690241696,57.4,0.838294557817479,1047.3,Critical Risk,0.8704901896507883,segment: Critical Risk; expected delay ~57 months (99% likelihood); expected overrun ~₹1047 cr (84% likelihood)
705482,Dholpur - Sirmuttra Gauge Conversion,Ministry of Railways,Rajasthan,747.0,0.9898621671255293,69.0,0.00858017185978532,1.3,Critical Risk,0.8695010615073333,segment: Critical Risk; expected delay ~69 months (99% likelihood); expected overrun ~₹1 cr (1% likelihood)
701383,Waghur Project,"Department of Water Resources, River Development & GR",Maharashtra,1058.99,0.9486397265118713,57.9,0.9498611120817998,966.7,High Risk,0.862961945309878,segment: High Risk; expected delay ~58 months (95% likelihood); expected overrun ~₹967 cr (95% likelihood)
617947,Arawali Kante section of NH-17New NH-66 4L PS from Km.241/300 to 281/300,Ministry of Road Transport & Highways,Maharashtra,1006.99,0.9589955837399826,65.8,0.5313025721009172,189.9,Moderate Risk,0.848706065702418,segment: Moderate Risk; expected delay ~66 months (96% likelihood); expected overrun ~₹190 cr (53% likelihood)
619003,Solan - Kaithlighat Section of NH-22 Now NH-5 from Km. 106.139 to Km.129.05,Ministry of Road Transport & Highways,Himachal Pradesh,881.74,0.9979789959108265,62.9,0.9570824902764478,447.3,Critical Risk,0.8480891483301848,segment: Critical Risk; expected delay ~63 months (100% likelihood); expected overrun ~₹447 cr (96% likelihood)
618435,4-Laning from Rangagara to Kaliabor Tiniali from km 297.00 to km 315.315 of NH-37 on EPC basis under SARDP-NE in state of Assam,Ministry of Road Transport & Highways,Assam,386.51,0.9969113636695834,67.8,0.06037063034608287,5.3,Critical Risk,0.8476386196645712,segment: Critical Risk; expected delay ~68 months (100% likelihood); expected overrun ~₹5 cr (6% likelihood)
400093,Saryu Nahar CADWM Project,"Department of Water Resources, River Development & GR",Uttar Pradesh,1672.7,0.9763556546475163,67.2,0.0021004942191137207,2.7,Moderate Risk,0.8357378091633743,segment: Moderate Risk; expected delay ~67 months (98% likelihood); expected overrun ~₹3 cr (0% likelihood)
619202,Dwarka Expressway from Km -0.600 to Km 5.300 - Pkg-I Shivmurti Chowk-RuB near Dwarka Sector 21,Ministry of Road Transport & Highways,Delhi,2144.67,0.9978730747948373,47.9,0.976459584726904,1704.7,Critical Risk,0.8293048119630315,segment: Critical Risk; expected delay ~48 months (100% likelihood); expected overrun ~₹1705 cr (98% likelihood)
618523,Bhadrak KM 136.500 to Baleshwar KM 199.141,Ministry of Road Transport & Highways,Odisha,844.67,0.9857460815563414,62.0,0.9491617657282484,429.7,Critical Risk,0.8273502418732849,segment: Critical Risk; expected delay ~62 months (99% likelihood); expected overrun ~₹430 cr (95% likelihood)
701329,Petrochemical and Lube Integration Project at Gujarat Refinery,Ministry of Petroleum & Natural Gas,Gujarat,18936.0,0.9950547588057876,28.4,0.4352140087742843,3444.8,Critical Risk,0.8271182853116011,segment: Critical Risk; expected delay ~28 months (100% likelihood); expected overrun ~₹3445 cr (44% likelihood)
618577,Dwarka Expressway Pkg-III Delhi/HR Border to Start of RoB Gurugram,Ministry of Road Transport & Highways,"Multi-States (Delhi, Haryana)",2228.26,0.9786852016725556,61.9,0.9557147091201313,436.6,Critical Risk,0.8269124959749661,segment: Critical Risk; expected delay ~62 months (98% likelihood); expected overrun ~₹437 cr (96% likelihood)
619164,Belgaum-Khanapur Pkg I Km 0.000-Km 30.800 of NH-4A,Ministry of Road Transport & Highways,Karnataka,1214.3,0.9942256018082165,65.8,0.15936327595117888,82.6,Critical Risk,0.8260893348514912,segment: Critical Risk; expected delay ~66 months (99% likelihood); expected overrun ~₹83 cr (16% likelihood)
702626,Indore Metro Rail Project,Ministry of Housing & Urban Affairs,Madhya Pradesh,7500.8,0.9855505565257543,66.4,0.020217628807917495,18.0,Critical Risk,0.8238257062736364,segment: Critical Risk; expected delay ~66 months (99% likelihood); expected overrun ~₹18 cr (2% likelihood)
702625,Bhopal Metro Rail Project,Ministry of Housing & Urban Affairs,Madhya Pradesh,6941.4,0.9888098435764814,66.2,0.01129132943763685,14.7,Critical Risk,0.8193458706042042,segment: Critical Risk; expected delay ~66 months (99% likelihood); expected overrun ~₹15 cr (1% likelihood)
705512,Doubling of Kottavalasa-Koraput Rail Line [189 KM],Ministry of Railways,"Multi-States (Andhra Pradesh, Odisha)",2500.0,0.9987167929957051,64.9,0.17595717176200756,118.3,Critical Risk,0.8165850206998514,segment: Critical Risk; expected delay ~65 months (100% likelihood); expected overrun ~₹118 cr (18% likelihood)
610315,IISER BERHAMPUR,Department of Higher Education,Odisha,1229.32,0.9886573163819397,62.8,0.6356661968002338,271.9,Critical Risk,0.8092261458230686,segment: Critical Risk; expected delay ~63 months (99% likelihood); expected overrun ~₹272 cr (64% likelihood)
400273,Tarakeshwar-Bishnupur New Line [82.47 km],Ministry of Railways,West Bengal,1189.0,0.9940458877562898,53.5,0.878402454622255,1101.9,High Risk,0.8082057159488438,segment: High Risk; expected delay ~54 months (99% likelihood); expected overrun ~₹1102 cr (88% likelihood)
617993,Rehabilitation and upgradation of NH-167 from design km 157.707 to 187.723 design length 30.016 km to two lane with paved shoulders of Alinagar-Miryalaguda Sec on EPC mode in the state of Telangana,Ministry of Road Transport & Highways,Telangana,220.28,0.9774471338936018,65.6,0.027443697622709443,4.6,Moderate Risk,0.8058642075272199,segment: Moderate Risk; expected delay ~66 months (98% likelihood); expected overrun ~₹5 cr (3% likelihood)
618897,4L of Sethiyathope -Cholapuram section from Km. 65.960 to Km. 116.440 section of NH45 C Pkg-II,Ministry of Road Transport & Highways,Tamil Nadu,2356.19,0.9988934113410762,65.5,0.8393782959260244,0.0,Critical Risk,0.803002487679361,segment: Critical Risk; expected delay ~66 months (100% likelihood)
619120,Nidagatta-Mysore Pkg II,Ministry of Road Transport & Highways,Karnataka,2919.8,0.9978061613040534,50.1,0.914664262463985,1364.7,Critical Risk,0.7992663610909627,segment: Critical Risk; expected delay ~50 months (100% likelihood); expected overrun ~₹1365 cr (91% likelihood)
618804,Dedicated Port road to Krishnapatnam Port Package-I from Km. 0.000 to Km. 18.000,Ministry of Road Transport & Highways,Andhra Pradesh,348.72,0.9983652302967021,65.2,0.09896689026626647,2.3,Critical Risk,0.7978108916651403,segment: Critical Risk; expected delay ~65 months (100% likelihood); expected overrun ~₹2 cr (10% likelihood)
619219,4L of Tumkur-Shimoga Pkg-II from Km 65.195 Karadi to Km 121.900 Banawara of NH-206,Ministry of Road Transport & Highways,Karnataka,1505.85,0.9971043362734414,58.4,0.91040469884383,567.6,Critical Risk,0.7883001615838774,segment: Critical Risk; expected delay ~58 months (100% likelihood); expected overrun ~₹568 cr (91% likelihood)
618652,Chakur Loha Section of NH-361 from km 114.600 to km 187.80,Ministry of Road Transport & Highways,Maharashtra,1241.38,0.9595211953960517,49.1,0.9347674014065123,1383.2,Critical Risk,0.7842444947641416,segment: Critical Risk; expected delay ~49 months (96% likelihood); expected overrun ~₹1383 cr (93% likelihood)
619131,Four Laning of Chettikulam to Natham section of NH-785,Ministry of Road Transport & Highways,Tamil Nadu,837.61,0.9620063278594502,63.8,0.1993828924489369,12.7,Critical Risk,0.7735131834842972,segment: Critical Risk; expected delay ~64 months (96% likelihood); expected overrun ~₹13 cr (20% likelihood)
617992,Rehabilitation & upgradation of NH - 167 from design km 187.723 to 234.434 Miryalaguda to Kodad section to two lane with paved shoulder on EPC mode in the state of Telangana,Ministry of Road Transport & Highways,Telangana,322.81,0.9356190246798158,63.9,0.0415212377496151,0.3,Critical Risk,0.7727916374937056,segment: Critical Risk; expected delay ~64 months (94% likelihood)
701410,Relining of Rajasthan feeder and Sirhind Feeder canal,"Department of Water Resources, River Development & GR",Punjab,1441.26,0.9993344827354114,58.9,0.971625850599732,424.3,Critical Risk,0.7675559897093874,segment: Critical Risk; expected delay ~59 months (100% likelihood); expected overrun ~₹424 cr (97% likelihood)
618851,Pandoh bypass 221.305 to Takoli 242.000 of NH-21 in the state of Himachal Pradesh,Ministry of Road Transport & Highways,Himachal Pradesh,3419.95,0.9984558056553712,58.1,0.5540990063103824,479.4,Critical Risk,0.7640329444884929,segment: Critical Risk; expected delay ~58 months (100% likelihood); expected overrun ~₹479 cr (55% likelihood)
619203,Vadape to Thane from km 539.202 to km 563.000 section of NH-3 new NH-848,Ministry of Road Transport & Highways,Maharashtra,1252.92,0.9950052727962886,60.6,0.8330114545100236,248.4,Critical Risk,0.7626459418553249,segment: Critical Risk; expected delay ~61 months (100% likelihood); expected overrun ~₹248 cr (83% likelihood)
618180,Pune raigarh District Border To Mangaon Ch 69000 to 103775 NH-753F,Ministry of Road Transport & Highways,Maharashtra,223.46,0.9945499377811251,63.0,0.015239379295353662,0.4,Moderate Risk,0.7557835431156632,segment: Moderate Risk; expected delay ~63 months (99% likelihood)
400012,Kandla Gorakhpur LPG Pipeline,Ministry of Petroleum & Natural Gas,"Multi-States (Gujarat, Madhya Pradesh, Uttar Pradesh)",10088.0,0.9832439208817826,54.4,0.23585387724947934,756.6,Critical Risk,0.7524524357719942,segment: Critical Risk; expected delay ~54 months (98% likelihood); expected overrun ~₹757 cr (24% likelihood)
618177,Pal Phata Phulambri - Khultabad 2LPS,Ministry of Road Transport & Highways,Maharashtra,227.19,0.9801960260632081,62.5,0.044067195730629054,1.3,Moderate Risk,0.746512594084543,segment: Moderate Risk; expected delay ~62 months (98% likelihood); expected overrun ~₹1 cr (4% likelihood)
618899,Kallagam km.38.700 to Meensurutti Km.98.433 of NH-227 in Tamil Nadu,Ministry of Road Transport & Highways,Tamil Nadu,1499.12,0.996635352776939,60.9,0.2468817995437691,142.9,Critical Risk,0.7460850064267156,segment: Critical Risk; expected delay ~61 months (100% likelihood); expected overrun ~₹143 cr (25% likelihood)
618526,6L of Gundugolanu Design km 1023.280 to Kalaparru Design km 1050.680 of NH-5 New NH-16,Ministry of Road Transport & Highways,Andhra Pradesh,665.59,0.9864649993586526,59.0,0.7421965251885817,204.0,Critical Risk,0.7230132103179786,segment: Critical Risk; expected delay ~59 months (99% likelihood); expected overrun ~₹204 cr (74% likelihood)
618070,Widening to 2 Lanes with paved shoulders from Km.87/000 to 133/720 Nattukal to Thanau Jn. in Palakkad of NH-966 Old NH-213 on EPC mode Basis under NHO Annual Plan 2016-17 in the state of Kerala,Ministry of Road Transport & Highways,Kerala,294.28,0.988226567901979,60.8,0.05371134290667104,1.0,Moderate Risk,0.7142831454247816,segment: Moderate Risk; expected delay ~61 months (99% likelihood)
618579,6L of Anandapuram Pendurthi Anakapalli Section from km. 681.000 to km. 731.780 of NH-16,Ministry of Road Transport & Highways,Andhra Pradesh,2527.0,0.9914342831609477,55.3,0.9268121329444915,491.8,Critical Risk,0.7136669732419255,segment: Critical Risk; expected delay ~55 months (99% likelihood); expected overrun ~₹492 cr (93% likelihood)
702632,DMRTS Phase - IV [3 Priority Corridors],Ministry of Housing & Urban Affairs,Delhi,24948.65,0.9819567147744143,21.1,0.9468372387448728,3543.3,Critical Risk,0.7097546395731376,segment: Critical Risk; expected delay ~21 months (98% likelihood); expected overrun ~₹3543 cr (95% likelihood)
618638,Tarsod - Fagne section of NH-6,Ministry of Road Transport & Highways,Maharashtra,2267.99,0.9939295569250908,56.4,0.9575651773372241,371.4,Critical Risk,0.7091024528404295,segment: Critical Risk; expected delay ~56 months (99% likelihood); expected overrun ~₹371 cr (96% likelihood)
618562,Dindigul Bypass - Samyanallore from km. 373.275 to km. 426.00,Ministry of Road Transport & Highways,Tamil Nadu,579.0,0.3231487311228676,59.2,0.1201534926381397,66.2,High Risk,0.6977519395282703,segment: High Risk; expected delay ~59 months (32% likelihood); expected overrun ~₹66 cr (12% likelihood)
618529,Varanasi Ring Road Pkg-II connecting Sandaha Village km 11.70 / NH-29 with Revasa Village km 818.80 / NH-2,Ministry of Road Transport & Highways,Uttar Pradesh,1991.71,0.998571963303276,57.9,0.25693411469771266,170.4,Critical Risk,0.6951175578299803,segment: Critical Risk; expected delay ~58 months (100% likelihood); expected overrun ~₹170 cr (26% likelihood)
705373,"Fatuha-Islampur incl. MM for extn.of NL from Neora to Daniawan , Daniawan to Biharsharif, Biharsharif to Barbigha , Barbigha to Shekhpura",Ministry of Railways,Bihar,1473.0,0.9382027482053755,45.6,0.9877233610222834,1268.7,High Risk,0.6938855860589567,segment: High Risk; expected delay ~46 months (94% likelihood); expected overrun ~₹1269 cr (99% likelihood)
618706,Bangalore-Nidagatta Pkg. I,Ministry of Road Transport & Highways,Karnataka,3496.01,0.9957892145251926,55.6,0.9002147465795667,365.1,Critical Risk,0.6926374945324251,segment: Critical Risk; expected delay ~56 months (100% likelihood); expected overrun ~₹365 cr (90% likelihood)
705375,Koderma-Tilaiya New Line,Ministry of Railways,"Multi-States (Bihar, Jharkhand)",1626.0,0.9613007956582382,45.9,0.8715475575994248,1235.7,High Risk,0.6926062255296224,segment: High Risk; expected delay ~46 months (96% likelihood); expected overrun ~₹1236 cr (87% likelihood)
619157,4 Laning of Talcher to end of Kamakhyanagar Bypass km 8.844 - km 15.725 of NH- 149 and km 301.875 - km 335.946 of NH-53 Pkg-I,Ministry of Road Transport & Highways,Odisha,795.18,0.9952248248661926,58.3,0.9299668057310226,111.7,Critical Risk,0.6903132727423253,segment: Critical Risk; expected delay ~58 months (100% likelihood); expected overrun ~₹112 cr (93% likelihood)
618796,Tanot -Ramgarh-Bhadasar-Jaisalmer NH-68 and BhadasarMokal-Sarkaritala up to Pakisthan Border NH-968 Pkg-BM/5,Ministry of Road Transport & Highways,Rajasthan,828.58,0.9891123353665249,57.8,0.5971188629375537,135.6,Critical Risk,0.6858902716102855,segment: Critical Risk; expected delay ~58 months (99% likelihood); expected overrun ~₹136 cr (60% likelihood)
618125,Rehabilitation and upgradation of NH 326A from km 0/0 to 41/979 excluding km 2/255 to 3/372 and km 36/820 to 38/275 Odisha border to Narasamapeta to two lane with paved Shoulders in the State of Andhra Pradesh under NHO on EPC Mode,Ministry of Road Transport & Highways,Andhra Pradesh,228.32,0.9759863746523525,59.2,0.03911600017628753,1.4,Critical Risk,0.6840933732734702,segment: Critical Risk; expected delay ~59 months (98% likelihood); expected overrun ~₹1 cr (4% likelihood)
619078,Six Laning of Bihar - Jharkhand Border Chordaha - Gorhar section of NH-2 from km 249.525 to km 320.810,Ministry of Road Transport & Highways,"Multi-States (Bihar, Jharkhand)",1772.7,0.9945683867199157,57.9,0.23515488462998094,115.9,Critical Risk,0.6836300291125944,segment: Critical Risk; expected delay ~58 months (99% likelihood); expected overrun ~₹116 cr (24% likelihood)
619218,4L Tumkur-Shimoga Pkg-I from Mallasandra to Karadi village of NH-206 from Km. 12.300 to Km. 65.195,Ministry of Road Transport & Highways,Karnataka,1364.14,0.9563613779336777,53.2,0.9095606786317022,497.5,Critical Risk,0.6751336855706223,segment: Critical Risk; expected delay ~53 months (96% likelihood); expected overrun ~₹498 cr (91% likelihood)
602593,Luhri Stage-I Hydro Electric Project [210 MW],Ministry of Power,Himachal Pradesh,1810.56,0.9918961932374151,33.9,0.9694980282357342,2220.5,Critical Risk,0.6731270755824832,segment: Critical Risk; expected delay ~34 months (99% likelihood); expected overrun ~₹2220 cr (97% likelihood)
618692,Aligarh-Kanpur Pkg I [Aligarh-Bhadwas],Ministry of Road Transport & Highways,Uttar Pradesh,1226.64,0.9891317188395297,49.0,0.9531147577537292,825.4,Critical Risk,0.6647790889262293,segment: Critical Risk; expected delay ~49 months (99% likelihood); expected overrun ~₹825 cr (95% likelihood)
618563,4L of Madurai Ring Road Phase 1 [Vadipatti-Thamrapatti] from km 0.00 - km 29.960,Ministry of Road Transport & Highways,Tamil Nadu,900.05,0.9990839594341767,53.9,0.5874141975842296,339.4,Critical Risk,0.6550542251493315,segment: Critical Risk; expected delay ~54 months (100% likelihood); expected overrun ~₹339 cr (59% likelihood)
705356,Ahmednagar - Beed - Parli - Vaijnath New Broad Gauge Line Railway Project [261.3 km],Ministry of Railways,Maharashtra,2538.67,0.36051530468346843,19.8,0.9885392997118676,3392.9,High Risk,0.653455582435463,segment: High Risk; expected delay ~20 months (36% likelihood); expected overrun ~₹3393 cr (99% likelihood)
617970,Reconstruction of existing 2 L/IL to 2L with paved shoulder from existing km 52.200 to 92.880 of NH-,Ministry of Road Transport & Highways,Uttarakhand,282.08,0.9752990525646994,57.5,0.013177411224702715,0.3,Critical Risk,0.6516953003389583,segment: Critical Risk; expected delay ~58 months (98% likelihood)
616044,UKNI DEEP OC MINE -COST PLUS,Ministry of Coal,Maharashtra,237.06,0.9664039497904435,57.3,0.10394890683906657,8.2,Critical Risk,0.6495762045160347,segment: Critical Risk; expected delay ~57 months (97% likelihood); expected overrun ~₹8 cr (10% likelihood)
618390,"Construction, Operation & Maintenance of 2-L Bi-directional Silkyara Bend- Barkot Tunnel with escape passage including approaches Tunnel-4.531 & Approach road- 0.328 on Dharasu-Yamunotri section b/w Chainage 25.400km and 51.00km falling along NH-134 Old NH-94 on EPC mode",Ministry of Road Transport & Highways,Uttarakhand,1383.78,0.9908901146691048,56.9,0.06714413003693537,35.3,Critical Risk,0.6477198307510402,segment: Critical Risk; expected delay ~57 months (99% likelihood); expected overrun ~₹35 cr (7% likelihood)
705489,Madurai- Tuticorin New Line,Ministry of Railways,Tamil Nadu,601.43,0.9117846116492406,45.8,0.9384829642273333,1009.2,High Risk,0.6429723474728103,segment: High Risk; expected delay ~46 months (91% likelihood); expected overrun ~₹1009 cr (94% likelihood)
617936,Widening to two/four lane with paved shoulder from Km.180.600 to Km.223.000 of NH-63 on Nizamabad-Jagadalpur road on EPC mode under NHO in the state of Telangana.,Ministry of Road Transport & Highways,Telangana,253.99,0.975053045237746,57.0,0.023952648479235637,0.6,Moderate Risk,0.642297883101775,segment: Moderate Risk; expected delay ~57 months (98% likelihood)
702958,Lucknow Sewerage Management Infrastructure Project,Ministry of Housing & Urban Affairs,Uttar Pradesh,142.46,0.9797862902005803,56.8,0.14977717351853284,11.4,Critical Risk,0.6407900502748225,segment: Critical Risk; expected delay ~57 months (98% likelihood); expected overrun ~₹11 cr (15% likelihood)
617946,Kashedi to Parshuram Ghat section of NH-66 from Km 161/600 - Km 205/400 - 4L PS,Ministry of Road Transport & Highways,Maharashtra,1142.62,0.8527269755068074,55.9,0.21125855954320846,77.0,Critical Risk,0.637588068391987,segment: Critical Risk; expected delay ~56 months (85% likelihood); expected overrun ~₹77 cr (21% likelihood)
618512,Tunnel at Khambataki Ghat Section and its approaches from existing Km. 771.730 to existing Km. 782.000,Ministry of Road Transport & Highways,Maharashtra,907.03,0.998241664993135,55.0,0.3400014358322198,128.0,Critical Risk,0.6313086934949527,segment: Critical Risk; expected delay ~55 months (100% likelihood); expected overrun ~₹128 cr (34% likelihood)
617968,Construction & Widening Including Augustmuni Bypass Ch-16.545 to Ch - 19.890 to 2L/PS from Km 16.545-Km 33.130 & 45.980 -57.975 Augustmuni to Kund & Guptkashi to Sitapur on NH 109 in UK,Ministry of Road Transport & Highways,Uttarakhand,418.89,0.9975351509455147,56.4,0.0122598787925021,1.2,Critical Risk,0.6310715696995803,segment: Critical Risk; expected delay ~56 months (100% likelihood); expected overrun ~₹1 cr (1% likelihood)
701411,Shahpur Kandi Dam Project,"Department of Water Resources, River Development & GR",Punjab,2285.81,0.9682992835876783,47.6,0.885046384395449,780.9,High Risk,0.6289095398906251,segment: High Risk; expected delay ~48 months (97% likelihood); expected overrun ~₹781 cr (89% likelihood)
618825,Bridge over Ganga River at d/s of Farraka Barrage including Approaches connecting Farakka-Raiganj,Ministry of Road Transport & Highways,West Bengal,622.04,0.9934567410849985,55.6,0.8865772185298245,39.2,Critical Risk,0.6239441806058915,segment: Critical Risk; expected delay ~56 months (99% likelihood); expected overrun ~₹39 cr (89% likelihood)
705410,Nangal Dam-Talwara New Broad Gauge Line [84 KM] and Taking Over Siding Mukerian-Talwara [29 KM],Ministry of Railways,"Multi-States (Himachal Pradesh, Punjab)",2018.0,0.9516785755995008,45.6,0.37116212750824673,875.6,High Risk,0.611027833053371,segment: High Risk; expected delay ~46 months (95% likelihood); expected overrun ~₹876 cr (37% likelihood)
705359,Talcher-Bimlagarh New Railway Line,Ministry of Railways,Odisha,1928.0,0.9223666716503688,44.8,0.5023753337327361,935.6,High Risk,0.608537611515324,segment: High Risk; expected delay ~45 months (92% likelihood); expected overrun ~₹936 cr (50% likelihood)
618839,Aunta - Simaria including Ganga Bridge,Ministry of Road Transport & Highways,Bihar,1309.47,0.9898714483436334,48.0,0.9573319232093446,643.1,Critical Risk,0.6074325296370027,segment: Critical Risk; expected delay ~48 months (99% likelihood); expected overrun ~₹643 cr (96% likelihood)
400105,Urmodi Irrigation Project,"Department of Water Resources, River Development & GR",Maharashtra,580.79,0.9976457326838309,51.2,0.8975490939556148,334.7,Critical Risk,0.6029760402980127,segment: Critical Risk; expected delay ~51 months (100% likelihood); expected overrun ~₹335 cr (90% likelihood)
618902,Maheshkunt-Saharsa-Purnea Pkg I km 0.00 to km. 90.00 of NH-107,Ministry of Road Transport & Highways,Bihar,662.44,0.9947634450121071,50.0,0.9513490117064393,417.8,Critical Risk,0.5977863236212181,segment: Critical Risk; expected delay ~50 months (99% likelihood); expected overrun ~₹418 cr (95% likelihood)
618756,Melur - Pilayarpatti - Karaikudi from km 99.920 of NH 38 to km 12.9 of NH 383 Ext.,Ministry of Road Transport & Highways,Tamil Nadu,1103.86,0.9945493380118468,54.1,0.05966377873251141,36.8,Critical Risk,0.5950563537609957,segment: Critical Risk; expected delay ~54 months (99% likelihood); expected overrun ~₹37 cr (6% likelihood)
617919,Construction of 4 Nos Grade separtor between km. 281.000 to km. 307.600 km. 286.400 kumhari km. 299.000 Transport Nagar km. 302.000 Power House km. 304.000 Chandra Moura Chowk to km. 305.000 supeia of NH-53 old NH-06 Raipur - Durg 4 Lane on EPC mode in the state of chhattisgarh job NO. NH-53old NH-06 CG- 2017-18-56,Ministry of Road Transport & Highways,Chhattisgarh,349.03,0.9915358692559163,54.5,0.049125294614775765,0.0,Moderate Risk,0.5948681581946389,segment: Moderate Risk; expected delay ~54 months (99% likelihood)
618955,2L PS of Majhauli to Charout section from km. 0.00 to km. 63.655,Ministry of Road Transport & Highways,Bihar,638.29,0.9973966835538651,51.3,0.7673971709456411,284.1,Critical Risk,0.5942026851880788,segment: Critical Risk; expected delay ~51 months (100% likelihood); expected overrun ~₹284 cr (77% likelihood)
400254,Sakri -Hasanpur [via Harnagar - Kusheshwar Asthan] New Railway line,Ministry of Railways,Bihar,735.2,0.9955011382283822,52.1,0.03246707803992041,25.9,High Risk,0.55491624265666,segment: High Risk; expected delay ~52 months (100% likelihood); expected overrun ~₹26 cr (3% likelihood)
618213,Rehabilitation and Upgradation of road Rishikesh Dharasu Old NH-94 with 2-lane with paved shoulder from km 76.000 to km 110.000 Design Chainage from km 74.733 to km 107.347 32.614 km including construction of Kamand re-alignment from existing Chainage Km 105.200 to Km 108.600 design chainage Km 103.436 to Km 105.949 - total length 2513 mtrs and land slide treatment work between design chainage Km 73.800 to Km 74.00 200m on EPC mode under improvement to NH connectivity to Chardham in,Ministry of Road Transport & Highways,Uttarakhand,273.76,0.9534075254012362,52.0,0.01577545703553445,0.6,Moderate Risk,0.5476913696996287,segment: Moderate Risk; expected delay ~52 months (95% likelihood)
604853,"Indian Oil Technology Development and Deployment Centre at R&D Campus-II, Faridabad",Ministry of Petroleum & Natural Gas,Haryana,2281.94,0.9728107576477003,40.9,0.8460711363969989,994.3,Critical Risk,0.5471173372214766,segment: Critical Risk; expected delay ~41 months (97% likelihood); expected overrun ~₹994 cr (85% likelihood)
602532,Kiru HE Project,Ministry of Power,Jammu and Kashmir,4287.59,0.9935863880096889,38.8,0.8621212288416191,1179.2,Critical Risk,0.5463558870943119,segment: Critical Risk; expected delay ~39 months (99% likelihood); expected overrun ~₹1179 cr (86% likelihood)
705368,Araria Supaul New BG Line,Ministry of Railways,Bihar,1605.0,0.9978374428292226,42.2,0.8546000300209318,865.5,High Risk,0.5445665224711851,segment: High Risk; expected delay ~42 months (100% likelihood); expected overrun ~₹866 cr (85% likelihood)
618637,Bal. Works of Fagne Km. 510.000 to Maharashtra/Gujarat Border Km. 650.794,Ministry of Road Transport & Highways,"Multi-States (Gujarat, Maharashtra)",1654.07,0.9988289637558055,49.7,0.8377296852140548,184.3,Critical Risk,0.5428927226242524,segment: Critical Risk; expected delay ~50 months (100% likelihood); expected overrun ~₹184 cr (84% likelihood)
400010,"Construction of Terminal Building & Associated works at Leh Airport, Ladakh",Ministry of Civil Aviation,Ladakh,480.0,0.9931974242861247,51.1,0.3286661994064204,57.0,Critical Risk,0.5425502086571611,segment: Critical Risk; expected delay ~51 months (99% likelihood); expected overrun ~₹57 cr (33% likelihood)
705362,"Jaynagar-Bijalpura, incl. extn. Bet, Bijalpura-Bardibas [Nepal]",Ministry of Railways,Offshore,819.0,0.998062408567747,51.1,0.10640280439212718,54.6,High Risk,0.5420443358329092,segment: High Risk; expected delay ~51 months (100% likelihood); expected overrun ~₹55 cr (11% likelihood)
618909,2L PS of JH / WB Border km. 70.524 - Purulia km.84.400 & Purulia km. 94.30 - Chandil Junction with NH-33 km. 153.705 of Old NH-32,Ministry of Road Transport & Highways,"Multi-States (Jharkhand, West Bengal)",1652.4,0.9904914855337025,50.2,0.6951248704269062,132.1,Critical Risk,0.5413506400369891,segment: Critical Risk; expected delay ~50 months (99% likelihood); expected overrun ~₹132 cr (70% likelihood)
706811,NMDC Slurry Pipeline Project Phase-1,Ministry of Steel,Chhattisgarh,2907.0,0.9926130127469839,32.8,0.9023602829586925,1686.7,Critical Risk,0.5397990953066603,segment: Critical Risk; expected delay ~33 months (99% likelihood); expected overrun ~₹1687 cr (90% likelihood)
604859,Integrated Para Xylene [PX] and Purified Terephthalic Acid [PTA] Project at Paradip Refinery,Ministry of Petroleum & Natural Gas,Odisha,13805.0,0.9962206930818823,31.8,0.3483900775767921,1741.0,Critical Risk,0.5323231652749294,segment: Critical Risk; expected delay ~32 months (100% likelihood); expected overrun ~₹1741 cr (35% likelihood)
602579,Buxar Thermal Power Project [1320 MW],Ministry of Power,Bihar,10439.09,0.9931873034180668,29.7,0.6349109876899459,1928.7,Critical Risk,0.532151900109392,segment: Critical Risk; expected delay ~30 months (99% likelihood); expected overrun ~₹1929 cr (63% likelihood)
705598,Jhansi - Bina Third Railway Line [153 Km],Ministry of Railways,"Multi-States (Madhya Pradesh, Uttar Pradesh)",2002.0,0.998871112729709,50.2,0.19944207637488462,81.1,Critical Risk,0.5306008425216371,segment: Critical Risk; expected delay ~50 months (100% likelihood); expected overrun ~₹81 cr (20% likelihood)
618290,"Construction of 2-lane with Paved shoulder of Kohima- Bypass Road Connecting NH- 39New NH-02, NH-150New NH-02, NH-61New NH-29, NH-39New NH-02 from Design Km 32.00 to Design Km 43.454Design Length-11.454 Km in the State of Nagaland under SARDP-NE on EPC Mode Package-IV",Ministry of Road Transport & Highways,Nagaland,202.36,0.9985606005279742,50.8,0.058606957717608155,6.3,Moderate Risk,0.5261872544407117,segment: Moderate Risk; expected delay ~51 months (100% likelihood); expected overrun ~₹6 cr (6% likelihood)
612885,Construction and Developement of National Institute of Technology Meghalaya Permanent Campus at Sohra,Department of Higher Education,Meghalaya,494.52,0.961139868729106,50.5,0.11471801462670178,24.7,High Risk,0.5243892219558473,segment: High Risk; expected delay ~50 months (96% likelihood); expected overrun ~₹25 cr (11% likelihood)
618143,widening to two lane with Paved shoulders from Km.0/970 to Km.40/410 of Jangaon - Thirumal giriof NH- 365B in the state of Telanganaon EPC mode under NHO Annual Plan 2016-17,Ministry of Road Transport & Highways,Telangana,197.0,0.9754000920065369,50.6,0.023667258732389583,2.3,Moderate Risk,0.5215598725308728,segment: Moderate Risk; expected delay ~51 months (98% likelihood); expected overrun ~₹2 cr (2% likelihood)
701344,Dhamra Haldia Pipeline Project,Ministry of Petroleum & Natural Gas,"Multi-States (Odisha, West Bengal)",1030.65,0.9931614691484971,47.1,0.878021392345184,296.8,Critical Risk,0.517410124291942,segment: Critical Risk; expected delay ~47 months (99% likelihood); expected overrun ~₹297 cr (88% likelihood)
618394,Up-gradation to 2-lane with Paved Shoulder from Km 12.850 to Km20.300 of 7.450Km length on Goha-Khellani section and a link road to Goha village of 2.016 km on NH- 244 in UT of Jammu and Kashmir on EPC Mode Pkg-1,Ministry of Road Transport & Highways,Jammu and Kashmir,228.39,0.9953773670345009,50.1,0.016577031965769293,0.5,Critical Risk,0.5117198165724692,segment: Critical Risk; expected delay ~50 months (100% likelihood)
618699,Pipli Bhavnagar-Package 1 from km 136.025 to km 169.328,Ministry of Road Transport & Highways,Gujarat,819.14,0.9595946158385779,46.3,0.961508016527263,322.1,Critical Risk,0.5076058248365868,segment: Critical Risk; expected delay ~46 months (96% likelihood); expected overrun ~₹322 cr (96% likelihood)
618580,Gohana - Sonipat PKG-2,Ministry of Road Transport & Highways,Haryana,1275.31,0.9921659871963675,43.2,0.8644641764315428,584.3,Critical Risk,0.5042163925767716,segment: Critical Risk; expected delay ~43 months (99% likelihood); expected overrun ~₹584 cr (86% likelihood)
618300,Improvement/Up-gradation of existing 2-Lane Road to 4-Lane Divided Highway from Taphukuki to Daili section of Imphal-Kohima road NH-02 Design Chainage from Km 262175 to Km 274610 in the state of Manipur on EPC mode Pkg-4A,Ministry of Road Transport & Highways,Manipur,379.39,0.9987551294065581,49.6,0.0058911716660079855,0.4,Critical Risk,0.5022380871979109,segment: Critical Risk; expected delay ~50 months (100% likelihood)
619137,4L of Dwarka-Khambaliya-Devariya section from km 203.500 to km 176.500 and from km 171.800 to km 125.000 of NH-151A,Ministry of Road Transport & Highways,Gujarat,1024.69,0.9826379114260623,42.8,0.9904240791859378,603.9,Critical Risk,0.50077916623599,segment: Critical Risk; expected delay ~43 months (98% likelihood); expected overrun ~₹604 cr (99% likelihood)
701343,Srikakulam Angul Gas Pipeline Project,Ministry of Petroleum & Natural Gas,"Multi-States (Andhra Pradesh, Odisha)",2658.34,0.9788017734615826,45.2,0.8737921579844133,385.6,Critical Risk,0.5001769436964452,segment: Critical Risk; expected delay ~45 months (98% likelihood); expected overrun ~₹386 cr (87% likelihood)
618913,4-L of Rajamunda to Barkote Section of NH-23 from km. 287.200 to km. 337.185,Ministry of Road Transport & Highways,Odisha,609.63,0.9667394532487772,48.6,0.9194134629983894,67.8,Critical Risk,0.49752337966522114,segment: Critical Risk; expected delay ~49 months (97% likelihood); expected overrun ~₹68 cr (92% likelihood)
619092,4L of Jind-Gohana road Package-1 from km. 0.00 to km. 40.601 of NH-352 A under NHO,Ministry of Road Transport & Highways,Haryana,994.22,0.9992582234512062,43.2,0.971900580602303,534.4,Critical Risk,0.4936984534392017,segment: Critical Risk; expected delay ~43 months (100% likelihood); expected overrun ~₹534 cr (97% likelihood)
400171,2G Ethanol Biorefinery at Bathinda,Ministry of Petroleum & Natural Gas,Punjab,1421.46,0.9972317839691388,48.0,0.2161573632549327,87.9,Critical Risk,0.49040728296007285,segment: Critical Risk; expected delay ~48 months (100% likelihood); expected overrun ~₹88 cr (22% likelihood)
618450,Rehabilitation & Upgradation of existing road to 2-lane with paved shoulder including geometric improvement of section from start of Rabangla km33.600 to km58.840 under SARDP-NE Phase A Pkg- IV,Ministry of Road Transport & Highways,Sikkim,292.8,0.9957580802787274,48.9,0.04516473230208273,0.3,Moderate Risk,0.48897209728726637,segment: Moderate Risk; expected delay ~49 months (100% likelihood)
617973,Strengthening and widening of existing 2 lane road to two lane paved shoulder from km 7.750 to 26.542 & km. 32.093 to 45.786 of NH-130 on EPC mode in the state of chhattisgarh.job No. 130-CG-2017-18-348,Ministry of Road Transport & Highways,Chhattisgarh,188.8,0.979344500029798,48.8,0.054154494255121734,5.5,Critical Risk,0.48817602480510247,segment: Critical Risk; expected delay ~49 months (98% likelihood); expected overrun ~₹6 cr (5% likelihood)
618429,Construction & upgradation of existing road to 2-lane with paved shoulder including geometric improvement of sect. from Pedong bypass to Reshi Border km 79.700 to km 96.254 of NH-717A under SARDP-NE-A on EPC as part of Alternate connectivity to Gangtok Lava More-Reshi Border Pkg-VB,Ministry of Road Transport & Highways,West Bengal,345.38,0.9952085586915974,48.3,0.66911566469642,47.8,Critical Risk,0.4876313819923268,segment: Critical Risk; expected delay ~48 months (100% likelihood); expected overrun ~₹48 cr (67% likelihood)
701598,Provision of 4G based Mobile Services in Uncovered Villages and National Highways of Meghalaya,Department of Telecommunications,Meghalaya,971.96,0.9900899742365626,48.8,0.011145953533144213,1.4,Critical Risk,0.48731182539700557,segment: Critical Risk; expected delay ~49 months (99% likelihood); expected overrun ~₹1 cr (1% likelihood)
615982,NILJAI EXPANSION DEEP OCP,Ministry of Coal,Maharashtra,319.75,0.99027714030997,48.6,0.010685230725022466,0.5,Critical Risk,0.4833378625518253,segment: Critical Risk; expected delay ~49 months (99% likelihood)
606431,CONSTRUCTION OF PERMANENT CAMPUS FOR IIT PALAKKAD UNDER PHASE 1A,Department of Higher Education,Kerala,1006.45,0.9985331410072056,46.3,0.9394954191811715,195.7,Critical Risk,0.4809631894259889,segment: Critical Risk; expected delay ~46 months (100% likelihood); expected overrun ~₹196 cr (94% likelihood)
619069,Satara Km 725.000 to Pune Km 865.350 of NH - 4 New NH - 48 in Maharashtra,Ministry of Road Transport & Highways,Maharashtra,361.72,0.9753531624850316,48.1,0.2247738458555206,15.3,High Risk,0.47699676029449717,segment: High Risk; expected delay ~48 months (98% likelihood); expected overrun ~₹15 cr (22% likelihood)
400141,Expansion of Alumina Refinery Plant with addition of 5th Stream having capacity enhancement of 1.0 Million Tonee Per Annum,Ministry of Mines,Odisha,4103.0,0.9972598491447643,36.5,0.9482793223681714,1050.5,Critical Risk,0.47570946072881876,segment: Critical Risk; expected delay ~36 months (100% likelihood); expected overrun ~₹1050 cr (95% likelihood)
705450,Jogbani-Biratnagar New Rail Line project,Ministry of Railways,Bihar,402.0,0.994712549489541,47.3,0.8028784582234173,67.8,High Risk,0.47292568618066305,segment: High Risk; expected delay ~47 months (99% likelihood); expected overrun ~₹68 cr (80% likelihood)
618847,Sattanathapuram to Nagapattinam from Km 123.800 to Km 179.555,Ministry of Road Transport & Highways,"Multi-States (Puducherry, Tamil Nadu)",2899.77,0.9948469680550945,46.2,0.47910987424390844,158.4,Critical Risk,0.4712089523476985,segment: Critical Risk; expected delay ~46 months (99% likelihood); expected overrun ~₹158 cr (48% likelihood)
618303,Widening/Improvement to 2-lane with earthen shoulder of Yaingangpokpi - Finch corner road section of NH-202 from Km 0.000 to Km 16.900 of NH-202 in the state of Manipur on EPC mode Package-1,Ministry of Road Transport & Highways,Manipur,222.77,0.9943819798764789,47.8,0.028988362506805546,0.4,Moderate Risk,0.4681797423731379,segment: Moderate Risk; expected delay ~48 months (99% likelihood)
618434,Roing-Hunli Road Greenfield Alignment Project,Ministry of Road Transport & Highways,Arunachal Pradesh,1718.59,0.9899547008007966,47.4,0.14085195350659302,25.7,Critical Risk,0.46594396398995463,segment: Critical Risk; expected delay ~47 months (99% likelihood); expected overrun ~₹26 cr (14% likelihood)
618302,Widening/Improvement to 2-lane with earthen shoulder of Yaingangpokpi - Finch corner road section of NH-202 from Km 16.900 to Km 30.970 of NH-202 in the state of Manipur on EPC mode Package-2,Ministry of Road Transport & Highways,Manipur,256.04,0.994114383579876,47.6,0.027889946018823584,1.2,Moderate Risk,0.4645641061118028,segment: Moderate Risk; expected delay ~48 months (99% likelihood); expected overrun ~₹1 cr (3% likelihood)
619158,4 Laning of Duburi Chandikhole from km 388.376 to km 428.074 Pkg-III,Ministry of Road Transport & Highways,Odisha,789.0,0.9916803929182666,45.4,0.9393414221206354,192.7,Critical Risk,0.46330167598328786,segment: Critical Risk; expected delay ~45 months (99% likelihood); expected overrun ~₹193 cr (94% likelihood)
618292,Construction of 2-Lane with paved shoulder of Kohima-Bypass Road connecting New NH-02 and New NH-29 from Design Km 10.500 to design Km 21.000 [Design Length- 10.500 km] including TUNNEL of 500m at Ch. 11.000 in the state of Nagaland Under SARDP-NE on EPC Mode Package-2,Ministry of Road Transport & Highways,Nagaland,277.44,0.9971528397857864,47.5,0.0835345759858303,3.0,Critical Risk,0.4630513804619487,segment: Critical Risk; expected delay ~48 months (100% likelihood); expected overrun ~₹3 cr (8% likelihood)
618398,Up-gradation to 2-lane with Paved Shoulder from Km 20.300 to Km 29.030 of 8.730 Km length on Goha-Khellani section on NH-244 in UT of Jammu and Kashmir on EPC Mode Package II,Ministry of Road Transport & Highways,Jammu and Kashmir,210.79,0.9947240600245307,47.5,0.017470217565957184,2.7,Critical Risk,0.4629881463589172,segment: Critical Risk; expected delay ~48 months (99% likelihood); expected overrun ~₹3 cr (2% likelihood)
400271,Wardha-Nanded Via Yavatmal New BG Line,Ministry of Railways,Maharashtra,3445.0,0.9895327104178614,31.3,0.2712708731114062,1454.1,High Risk,0.4623896334022739,segment: High Risk; expected delay ~31 months (99% likelihood); expected overrun ~₹1454 cr (27% likelihood)
619098,Kozhikode Bypass Calicut Bypass Vengalam Jn. to Ramanattukara Jn.,Ministry of Road Transport & Highways,Kerala,1424.77,0.9996470521463073,39.9,0.9840899978894382,671.6,Critical Risk,0.4601772177135163,segment: Critical Risk; expected delay ~40 months (100% likelihood); expected overrun ~₹672 cr (98% likelihood)
701107,Construction of New Integrated Terminal Building and associated works including apron to park 3 code E type of aircraft or 6 code C type of aircraft at Vijayawada Airport.,Ministry of Civil Aviation,Andhra Pradesh,611.8,0.9914220702793998,46.7,0.27188126600130147,53.9,Critical Risk,0.45864305779861353,segment: Critical Risk; expected delay ~47 months (99% likelihood); expected overrun ~₹54 cr (27% likelihood)
618958,2L with ES of Yagyi - Kalewa section from Milepost 40/0 to Milepost 115/5 in Myanmar,Ministry of Road Transport & Highways,Assam,1200.14,0.9654940103847983,47.0,0.1200046254685667,26.1,Moderate Risk,0.45845975505515824,segment: Moderate Risk; expected delay ~47 months (97% likelihood); expected overrun ~₹26 cr (12% likelihood)
701105,Goa Airport Terminal Building Extension Project,Ministry of Civil Aviation,Goa,255.69,0.9962124260425348,46.7,0.08899146982209617,11.4,Critical Risk,0.4496848932024869,segment: Critical Risk; expected delay ~47 months (100% likelihood); expected overrun ~₹11 cr (9% likelihood)
706922,Guwahati-Dibrugarh via Tinsukia & Simaluguri-Dibrugarh,Ministry of Railways,Assam,890.36,0.9966228362557338,46.8,0.010283869367439908,-0.0,Critical Risk,0.44917412755533337,segment: Critical Risk; expected delay ~47 months (100% likelihood)
618009,Balance work of Construction of Ring Road for Raebareli City on eastern side of NH- 24B Phase-1 on EPC mode.,Ministry of Road Transport & Highways,Uttar Pradesh,319.96,0.9938151908610939,46.6,0.7305136021092912,15.0,Moderate Risk,0.44855157217082176,segment: Moderate Risk; expected delay ~47 months (99% likelihood); expected overrun ~₹15 cr (73% likelihood)
618773,Tuticorin - Tirunelveli from km. 0.00 to km. 47.250,Ministry of Road Transport & Highways,Tamil Nadu,449.85,0.28542753776777846,45.9,0.8114586868879439,46.0,Critical Risk,0.44184085094110764,segment: Critical Risk; expected delay ~46 months (29% likelihood); expected overrun ~₹46 cr (81% likelihood)
701168,ALL India Institute of Medical Sciences-AIIMS Madurai,Ministry of Health & Family Welfare,Tamil Nadu,1264.0,0.8036522491658468,44.4,0.3220084172758432,160.8,Critical Risk,0.4376564803471776,segment: Critical Risk; expected delay ~44 months (80% likelihood); expected overrun ~₹161 cr (32% likelihood)
618346,Widening to 2-lane with Hard shoulder of Churachandpur to Tuivai Section of NH- 102B from km 32.835 to km 48.587 in the State of Manipur on EPC mode under NHO Package-2A,Ministry of Road Transport & Highways,Manipur,232.99,0.9967809230483206,46.1,0.02814132809512176,0.8,Critical Risk,0.4360978399537836,segment: Critical Risk; expected delay ~46 months (100% likelihood)
602181,"TEESTA-VI HE PROJECT, SIKKIM [500 MW], executed by LANCO TEESTA HYDRO POWER LIMITED [A wholly owned Subsidiary of NHPC LTD. acquired through NCLT]",Ministry of Power,Sikkim,5748.04,0.9869398510817902,41.2,0.2061319784893662,424.2,Critical Risk,0.4326278542314454,segment: Critical Risk; expected delay ~41 months (99% likelihood); expected overrun ~₹424 cr (21% likelihood)
619220,Tumkur-Shimoga Pkg-III from Km 121.900 Banawara to Km 170.415 Bettadahalli of Old NH-206,Ministry of Road Transport & Highways,Karnataka,1444.5,0.9959612769793244,41.2,0.9420572943778408,408.2,Critical Risk,0.429255368736433,segment: Critical Risk; expected delay ~41 months (100% likelihood); expected overrun ~₹408 cr (94% likelihood)
618598,6L Minor Bridge Paloli Palam at km. 203.160 & Major Bridge Morad at km. 204.895 and allied works,Ministry of Road Transport & Highways,Kerala,210.0,0.9889941826734956,44.6,0.9224624778061529,97.6,Critical Risk,0.4281194231779646,segment: Critical Risk; expected delay ~45 months (99% likelihood); expected overrun ~₹98 cr (92% likelihood)
618596,6L of Taliparamba to Muzhappilangad from Km 134.650 to Km 170.6 of NH-66,Ministry of Road Transport & Highways,Kerala,2714.6,0.9943423524838532,37.0,0.8679216405648612,777.5,Critical Risk,0.42762707831038455,segment: Critical Risk; expected delay ~37 months (99% likelihood); expected overrun ~₹778 cr (87% likelihood)
704495,"502 Aspirational District Scheme in Four states - Bihar, Madhya Pradesh, Rajastha and Uttar Pradesh",Department of Telecommunications,"Multi-States (Bihar, Madhya Pradesh, Rajasthan, Uttar Pradesh)",421.65,0.9913760595083815,45.5,0.05511286712901911,8.0,Critical Risk,0.42626267681828156,segment: Critical Risk; expected delay ~46 months (99% likelihood); expected overrun ~₹8 cr (6% likelihood)
400424,GEVRA OC [70 MTY],Ministry of Coal,Chhattisgarh,11816.4,0.9985632598413823,43.7,0.03487491548005189,164.0,High Risk,0.4250860655698797,segment: High Risk; expected delay ~44 months (100% likelihood); expected overrun ~₹164 cr (3% likelihood)
618345,Widening to 2-lane with Hard shoulder of Churachandpur to Tuivai Section from Km 48.587 to Km 69.875 in the State of Manipur on EPC mode under NHO Package-2B,Ministry of Road Transport & Highways,Manipur,365.53,0.999082140227956,45.5,0.008745030133083602,0.1,Critical Risk,0.4245975121051192,segment: Critical Risk; expected delay ~46 months (100% likelihood)
618347,Widening to 2-lane with Hard shoulder of Churachandpur to Tuivai Section of NH- 102B from km 13.747 to km 32.835 in the State of Manipur on EPC mode under NHO Package-1B,Ministry of Road Transport & Highways,Manipur,241.52,0.9964121102956104,45.4,0.02814132809512176,1.0,Critical Risk,0.4228950841461707,segment: Critical Risk; expected delay ~45 months (100% likelihood)
617975,Rehabilitation and upgradation to 2 lane with paved shoulder configuration from km 122.00 Dharasu Bend to km 147.230 Silkyara Bend of NH-94 in the state of Uttarakhand,Ministry of Road Transport & Highways,Uttarakhand,237.79,0.975001812242661,45.4,0.002840513443183347,0.1,Critical Risk,0.4227053818370763,segment: Critical Risk; expected delay ~45 months (98% likelihood)
619167,4 Laning with PS of Pathrapalli-Katghora km 53.3 to km 92.6 Pkg-II of Bilaspur Kathghora,Ministry of Road Transport & Highways,Chhattisgarh,865.1,0.9886831936387934,41.3,0.7605178579541699,300.0,Critical Risk,0.40834106584445456,segment: Critical Risk; expected delay ~41 months (99% likelihood); expected overrun ~₹300 cr (76% likelihood)
702840,Mira-Bhayandar Water Supply Infrastructure Project,Ministry of Housing & Urban Affairs,Maharashtra,204.55,0.9969480289783786,44.5,0.007923436485919116,0.9,Critical Risk,0.4058448336994405,segment: Critical Risk; expected delay ~44 months (100% likelihood)
618363,Construction of 2-laning with hard shoulder configuration of Chhumkhum to Tlabung from Design Chainage Km 37.420 to Km 74.950 of NH-302 in Mizoram under Bharatmala Pariyojana on EPC mode [Pkg-B],Ministry of Road Transport & Highways,Mizoram,740.58,0.9976053043814685,44.3,0.003780608667631637,0.2,Critical Risk,0.40191302692294784,segment: Critical Risk; expected delay ~44 months (100% likelihood)
618465,Vadodara Mumbai Expressway Gandeva to Ena Phase IB - Pkg VII [Km 190.00 to Km 217.500],Ministry of Road Transport & Highways,Gujarat,1710.3,0.9980477669988507,30.7,0.9524136027138065,1220.1,Critical Risk,0.40171425142946016,segment: Critical Risk; expected delay ~31 months (100% likelihood); expected overrun ~₹1220 cr (95% likelihood)
619301,Construction of Approach Road to Rail-cum- Road Bridge across river Ganga at Munger Ghat NH-333 B,Ministry of Road Transport & Highways,Bihar,537.88,0.9803338647514888,42.5,0.9262819893638953,130.0,Critical Risk,0.39521397067646313,segment: Critical Risk; expected delay ~42 months (98% likelihood); expected overrun ~₹130 cr (93% likelihood)
701370,Borolia Irrigation Project,"Department of Water Resources, River Development & GR",Assam,256.16,0.7191414653389172,43.7,0.0782430147728956,19.8,High Risk,0.39469154004608054,segment: High Risk; expected delay ~44 months (72% likelihood); expected overrun ~₹20 cr (8% likelihood)
617989,Construction of Major Bridge at Km.180.865 across river Krishna on NH 167 Hagari Jadcherla section,Ministry of Road Transport & Highways,Karnataka,157.32,0.9484327153760198,43.2,0.8048282763727144,61.5,Critical Risk,0.39402042902724194,segment: Critical Risk; expected delay ~43 months (95% likelihood); expected overrun ~₹62 cr (80% likelihood)
705480,"Lalitpur-Satna, Rewa-Singrauli & Mahoba-Khajuraho",Ministry of Railways,Madhya Pradesh,8914.0,0.9775892136253729,25.2,0.15667662070443955,1653.6,High Risk,0.38902036556759095,segment: High Risk; expected delay ~25 months (98% likelihood); expected overrun ~₹1654 cr (16% likelihood)
